"DateTime","horizon","TTT","Rad1h","Neff","RR1c","FF","FX1","AT_Load_DayAhead","AT_Load_Actual","DateTimeCET","SummerTime","HoD","DoW","DoY","HoDDST","DoWDST","DoYDST","HU_Load_Actual","DE_Load_Actual","CZ_Load_Actual","SK_Load_Actual","SI_Load_Actual","is_holiday","x_lag_24","x_lag_168"
2022-12-21 09:00:00,1,272.616666666667,120,100,0,1.02666666666667,3.08666666666667,NA,8464.91310884121,2022-12-21 10:00:00,0,9,3,355,10,3,355,5556.45392132828,66738.7053744435,8792.38304834068,3502.34388206947,1787.44717408449,"0",8431.55462492594,8444.79258391819
2022-12-21 10:00:00,2,272.916666666667,210,99.3333333333333,0,1.2,2.74666666666667,NA,8449.17380646609,2022-12-21 11:00:00,0,10,3,355,11,3,355,5626.37817819665,67183.0007417771,8842.31135211322,3548.38894226213,1800.84882247102,"0",8384.74231624493,8445.92827768106
2022-12-21 11:00:00,3,273.55,280,98.3333333333333,0,1.2,2.91666666666667,NA,8391.96288106209,2022-12-21 12:00:00,0,11,3,355,12,3,355,5654.58523748021,67534.3498705739,8894.95277838424,3526.0590813269,1790.98266188512,"0",8355.38063398025,8387.38402575676
2022-12-21 12:00:00,4,273.816666666667,310,93.6666666666667,0,1.2,2.74333333333333,NA,8322.30408538221,2022-12-21 13:00:00,0,12,3,355,13,3,355,5662.48045044804,67274.77117433,8887.36251172131,3492.14252597818,1750.17418867587,"0",8292.17987038787,8323.07726766385
2022-12-21 13:00:00,5,273.883333333333,290,93,0,1.02666666666667,2.57333333333333,NA,8198.80696929144,2022-12-21 14:00:00,0,13,3,355,14,3,355,5629.99458707187,66195.4977955384,8752.82261553797,3454.62606557414,1713.3036716818,"0",8181.13366887285,8193.47246928725
2022-12-21 14:00:00,6,273.983333333333,200,93.3333333333333,0,0.853333333333333,2.40333333333333,NA,8173.40608229421,2022-12-21 15:00:00,0,14,3,355,15,3,355,5708.75317041788,65591.9622211673,8730.63890800326,3434.14251095439,1715.18068750966,"0",8168.52287745405,8183.22307999009
2022-12-21 15:00:00,7,273.916666666667,70,94.3333333333333,0,1.02666666666667,2.40333333333333,NA,8258.81374746431,2022-12-21 16:00:00,0,15,3,355,16,3,355,5808.02635270673,65608.3512898008,8809.85218464574,3516.0387337467,1759.09873767219,"0",8207.27626329151,8269.40783170341
2022-12-21 16:00:00,8,273.816666666667,0,94.3333333333333,0,0.853333333333333,2.40333333333333,NA,8424.14372340758,2022-12-21 17:00:00,0,16,3,355,17,3,355,5861.14148905738,66845.5709686731,8768.5004440565,3517.03806396188,1804.77178869685,"0",8389.51055541617,8428.9332851935
2022-12-21 17:00:00,9,273.816666666667,0,95,0,0.853333333333333,2.57333333333333,NA,8431.38737015468,2022-12-21 18:00:00,0,17,3,355,18,3,355,5848.79858944858,67583.7723365061,8643.37023985046,3498.30264650572,1836.71081967672,"0",8406.62686221702,8420.02770155309
2022-12-21 18:00:00,10,273.816666666667,0,95.3333333333333,0,0.853333333333333,2.57333333333333,NA,8235.36959460186,2022-12-21 19:00:00,0,18,3,355,19,3,355,5802.02866629262,66831.6113321625,8526.41163145567,3451.62863936099,1824.46370292423,"0",8229.81590328645,8215.6360744758
2022-12-21 19:00:00,11,274.016666666667,0,94.6666666666667,0,0.853333333333333,2.57333333333333,NA,7822.71581777623,2022-12-21 20:00:00,0,19,3,355,20,3,355,5636.72713209985,63863.9383819977,8247.93094415638,3333.31930460254,1743.44954782498,"0",7852.57887408903,7794.08662419783
2022-12-21 20:00:00,12,274.15,0,95.3333333333333,0,0.853333333333333,2.57333333333333,NA,7441.37779256164,2022-12-21 21:00:00,0,20,3,355,21,3,355,5423.31783654773,60053.4253683966,7784.53740861174,3157.53018885595,1616.23251573724,"0",7468.21554082249,7406.62463886831
2022-12-21 21:00:00,13,274.316666666667,0,97,0,0.853333333333333,2.74333333333333,NA,7097.50054794494,2022-12-21 22:00:00,0,21,3,355,22,3,355,5144.0354433329,57197.9626256363,7287.24251397065,2975.77457878486,1497.1913408692,"0",7162.6583677614,7058.12022222138
2022-12-21 22:00:00,14,274.383333333333,0,96.6666666666667,0.2,0.853333333333333,2.57333333333333,NA,6715.13814185115,2022-12-21 23:00:00,0,22,3,355,23,3,355,4871.95809085305,53910.3857116269,6882.16658715075,2814.35367255396,1400.13203149915,"0",6776.91671288039,6673.21869934653
2022-12-21 23:00:00,15,274.516666666667,0,95.3333333333333,0,1.02666666666667,2.74333333333333,NA,NA,2022-12-22 00:00:00,0,23,3,355,0,4,356,4568.44473719804,51152.0097194426,6907.27561139542,2679.27328692969,1317.66614920627,"0",NA,NA
2022-12-22 00:00:00,16,274.383333333333,0,94,0,1.2,2.74333333333333,NA,6043.05794789007,2022-12-22 01:00:00,0,0,4,356,1,4,356,4315.46377546147,48821.6265022008,7007.12537055896,2590.36758144193,1269.29586056493,"0",5997.24051592274,5934.80068919118
2022-12-22 01:00:00,17,274.45,0,96,0,1.02666666666667,2.74333333333333,NA,5813.90886370631,2022-12-22 02:00:00,0,1,4,356,2,4,356,4116.42160561543,47804.9160011804,6923.13545384563,2566.77081286396,1241.73365021178,"0",5745.92155000909,5706.06258305735
2022-12-22 02:00:00,18,274.516666666667,0,91.3333333333333,0,1.2,2.91666666666667,NA,5724.33801673871,2022-12-22 03:00:00,0,2,4,356,3,4,356,4048.78758342449,47824.7887527935,6910.90932033017,2578.47996910637,1235.15883952241,"0",5697.38305358307,5585.41344790805
2022-12-22 03:00:00,19,274.35,0,88.3333333333333,0,1.02666666666667,2.74333333333333,NA,5860.257757679,2022-12-22 04:00:00,0,3,4,356,4,4,356,4083.41441046962,48690.1820936895,7050.32616242464,2671.06306156439,1271.90316946144,"0",5850.71709358576,5747.02107175767
2022-12-22 04:00:00,20,274.383333333333,0,91,0,1.02666666666667,2.91333333333333,NA,6406.95853316815,2022-12-22 05:00:00,0,4,4,356,5,4,356,4405.42847700538,52027.4297156242,7335.96631200827,2860.225331455,1414.9449175049,"0",6388.21788043525,6274.8709733636
2022-12-22 05:00:00,21,274.283333333333,0,88.3333333333333,0,0.853333333333333,2.74333333333333,NA,7289.44834440707,2022-12-22 06:00:00,0,5,4,356,6,4,356,4922.1294547344,57801.5582478839,7922.87669438278,3151.47320760183,1642.9664970844,"0",7242.31526333496,7186.18156090141
2022-12-22 06:00:00,22,274.016666666667,0,83.6666666666667,0,0.853333333333333,2.57333333333333,NA,8097.33345618852,2022-12-22 07:00:00,0,6,4,356,7,4,356,5379.69537740193,63602.3165640082,8392.64221953119,3342.33932708186,1799.23392660654,"0",8028.80574824291,7977.145028535
2022-12-22 07:00:00,23,274.083333333333,10,84.3333333333333,0,0.853333333333333,2.40333333333333,NA,8423.95844446752,2022-12-22 08:00:00,0,7,4,356,8,4,356,5486.10132282282,66882.2635704154,8604.8057697147,3461.64045499887,1829.46687435298,"0",8367.54930195574,8359.73675906615
2022-12-22 08:00:00,24,274.35,120,86.3333333333333,0,1.02666666666667,2.57333333333333,NA,8465.96211086241,2022-12-22 09:00:00,0,8,4,356,9,4,356,5513.91680344427,67717.5615246126,8731.3532584451,3520.57969219746,1797.0707748651,"0",8407.01366540147,8383.68724629599
2022-12-22 09:00:00,1,274.416666666667,280,89,0.1,1.02666666666667,2.74666666666667,NA,8503.59356320535,2022-12-22 10:00:00,0,9,4,356,10,4,356,5493.21939616934,68521.4068331399,8729.21563525229,3500.89763018434,1777.89121826096,"0",8464.91310884121,8416.18094333018
2022-12-22 10:00:00,2,275.216666666667,440,83.5,0.1,1.02666666666667,2.57333333333333,NA,8489.8318423316,2022-12-22 11:00:00,0,10,4,356,11,4,356,5550.48774428639,69178.2963273282,8771.60254790617,3545.94013137505,1776.23790787728,"0",8449.17380646609,8411.22743740545
2022-12-22 11:00:00,3,275.916666666667,520,53.6666666666667,0.133333333333333,1.02666666666667,2.91666666666667,NA,8397.79237143616,2022-12-22 12:00:00,0,11,4,356,12,4,356,5582.64236482692,69629.2704742818,8795.03023271457,3518.73452119062,1758.18604320252,"0",8391.96288106209,8351.33003164997
2022-12-22 12:00:00,4,276.383333333333,490,85,0.133333333333333,1.2,2.74333333333333,NA,8362.64506477654,2022-12-22 13:00:00,0,12,4,356,13,4,356,5592.82236552876,69247.3984814735,8767.47009324442,3477.43334690998,1721.44921722899,"0",8322.30408538221,8272.80948287531
2022-12-22 13:00:00,5,276.65,400,84,0.466666666666667,1.37,2.91666666666667,NA,8214.16730456916,2022-12-22 14:00:00,0,13,4,356,14,4,356,5558.27952028656,67655.1547687573,8652.36586206365,3436.88973388167,1700.26239284924,"0",8198.80696929144,8104.23552878835
2022-12-22 14:00:00,6,276.716666666667,240,85.3333333333333,0.2,1.19666666666667,3.08666666666667,NA,8177.11144553845,2022-12-22 15:00:00,0,14,4,356,15,4,356,5678.70239684671,66541.538997728,8630.85900753646,3417.25211191987,1718.15186691292,"0",8173.40608229421,8052.99674237747
2022-12-22 15:00:00,7,276.683333333333,70,86,0.266666666666667,1.19666666666667,2.91666666666667,NA,8294.3976737268,2022-12-22 16:00:00,0,15,4,356,16,4,356,5815.85504654911,66676.8765287956,8699.86626727763,3498.92453567524,1767.77934829067,"0",8258.81374746431,8199.05985626841
2022-12-22 16:00:00,8,276.65,0,83.5,0.433333333333333,1.2,2.74666666666667,NA,8457.54336077631,2022-12-22 17:00:00,0,16,4,356,17,4,356,5885.41632115692,67880.2067001457,8631.86228413413,3504.27871481367,1810.61881731297,"0",8424.14372340758,8388.00491759185
2022-12-22 17:00:00,9,276.45,0,82,0.533333333333333,1.2,3.25666666666667,NA,8430.06286416572,2022-12-22 18:00:00,0,17,4,356,18,4,356,5866.17988364244,68097.1631948627,8513.1973912713,3489.96661787632,1838.59868695352,"0",8431.38737015468,8335.46394717621
2022-12-22 18:00:00,10,276.483333333333,0,56.6666666666667,0.366666666666667,1.2,3.6,NA,8190.6624971538,2022-12-22 19:00:00,0,18,4,356,19,4,356,5809.31639113597,67073.9855302902,8400.00819348183,3447.80684921044,1825.48528595714,"0",8235.36959460186,8141.07512223619
2022-12-22 19:00:00,11,276.616666666667,0,88,0.333333333333333,1.54333333333333,3.42666666666667,NA,7827.96011647907,2022-12-22 20:00:00,0,19,4,356,20,4,356,5649.18614006544,64393.9379691289,8108.89940647314,3337.80280253784,1745.76390967561,"0",7822.71581777623,7735.72775352677
2022-12-22 20:00:00,12,276.616666666667,0,85.6666666666667,0.0666666666666667,1.37,3.94333333333333,NA,7480.98780718119,2022-12-22 21:00:00,0,20,4,356,21,4,356,5442.11566980542,61004.4703693998,7640.37405538479,3171.89939871094,1624.3918972983,"0",7441.37779256164,7378.75879932324
2022-12-22 21:00:00,13,276.683333333333,0,82.6666666666667,0,1.54333333333333,3.94333333333333,NA,7114.97661241934,2022-12-22 22:00:00,0,21,4,356,22,4,356,5161.15414423403,57930.1364873717,7180.45345438013,2998.67971894225,1508.0817139119,"0",7097.50054794494,7026.78418771325
2022-12-22 22:00:00,14,276.65,0,83,0,1.37,3.77333333333333,NA,6700.6552507872,2022-12-22 23:00:00,0,22,4,356,23,4,356,4897.3827255501,54217.3530375125,6796.16379632582,2841.52051741378,1407.53391957809,"0",6715.13814185115,6555.85472961311
2022-12-22 23:00:00,15,276.716666666667,0,83.3333333333333,0.0666666666666667,1.37,3.43,NA,NA,2022-12-23 00:00:00,0,23,4,356,0,5,357,4611.72081955472,51092.2656335862,6785.13766974851,2702.35960443141,1326.41114867537,"0",NA,NA
2022-12-23 00:00:00,16,276.583333333333,0,82.3333333333333,0.1,1.2,2.91666666666667,NA,6034.86550135067,2022-12-23 01:00:00,0,0,5,357,1,5,357,4352.08962598463,49166.9151387688,6886.03587426423,2611.96787749882,1279.19920997742,"0",6043.05794789007,5993.20250411242
2022-12-23 01:00:00,17,276.55,0,84.3333333333333,0.1,1.2,2.91666666666667,NA,5799.92627544177,2022-12-23 02:00:00,0,1,5,357,2,5,357,4138.40189131542,48185.9528359262,6829.83057970055,2588.82558956933,1255.88334354498,"0",5813.90886370631,5711.67802874489
2022-12-23 02:00:00,18,276.616666666667,0,87.3333333333333,0.1,1.2,2.91666666666667,NA,5787.11658763136,2022-12-23 03:00:00,0,2,5,357,3,5,357,4075.08950376911,48063.7384049918,6795.47230614368,2603.07405351687,1255.29856633945,"0",5724.33801673871,6048.26660129599
2022-12-23 03:00:00,19,276.65,0,91.3333333333333,0.166666666666667,1.2,2.74333333333333,NA,5958.45199414703,2022-12-23 04:00:00,0,3,5,357,4,5,357,4114.76056158225,48796.8655691597,6972.18554348652,2693.69112304914,1295.053867761,"0",5860.257757679,6384.85517384708
2022-12-23 04:00:00,20,276.616666666667,0,86.5,0.366666666666667,1.02666666666667,2.91666666666667,NA,6458.79946651287,2022-12-23 05:00:00,0,4,5,357,5,5,357,4436.70497000946,52125.9976941387,7244.50960379146,2868.7707336939,1426.39412709564,"0",6406.95853316815,6721.44374639818
2022-12-23 05:00:00,21,276.583333333333,0,93,0.4,1.02666666666667,2.91666666666667,NA,7203.33097101624,2022-12-23 06:00:00,0,5,5,357,6,5,357,4908.2563033186,57167.4660605952,7842.19719810705,3140.63873644496,1638.86354863695,"0",7289.44834440707,7058.03231894928
2022-12-23 06:00:00,22,276.516666666667,0,89,0.4,1.02666666666667,3.08666666666667,NA,8009.45382480078,2022-12-23 07:00:00,0,6,5,357,7,5,357,5351.72897432588,62382.8373549672,8336.18283669962,3323.05967811039,1791.39488169731,"0",8097.33345618852,7972.30836388466
2022-12-23 07:00:00,23,276.583333333333,0,89.5,0.566666666666667,1.2,3.08666666666667,NA,8328.32534092217,2022-12-23 08:00:00,0,7,5,357,8,5,357,5431.96869347731,65835.5528587734,8559.03468083957,3445.61802977575,1823.74550118791,"0",8423.95844446752,8295.12900396619
2022-12-23 08:00:00,24,276.816666666667,60,59,0.466666666666667,1.2,3.43,NA,8316.61001395181,2022-12-23 09:00:00,0,8,5,357,9,5,357,5401.09721352158,66939.0106183502,8669.65805058227,3516.75853275505,1793.91938461367,"0",8465.96211086241,8248.24766192012
2022-12-23 09:00:00,1,278.016666666667,270,86,0.166666666666667,1.02666666666667,2.74333333333333,NA,8377.56898316249,2022-12-23 10:00:00,0,9,5,357,10,5,357,5335.84913088082,67958.7351097755,8678.06167169641,3512.01098026355,1774.52773116141,"0",8503.59356320535,8350.19968729726
2022-12-23 10:00:00,2,278.783333333333,460,83,0.0666666666666667,1.2,2.91666666666667,NA,8357.72464138926,2022-12-23 11:00:00,0,10,5,357,11,5,357,5389.72799218301,68383.7912452279,8692.68194731306,3563.98050734148,1777.84174635544,"0",8489.8318423316,8335.9732433563
2022-12-23 11:00:00,3,279.85,560,82,0.1,1.2,3.25666666666667,NA,8266.41698274474,2022-12-23 12:00:00,0,11,5,357,12,5,357,5432.07044011975,68265.3643680526,8691.60992363243,3542.3922143445,1765.69749539972,"0",8397.79237143616,8254.78208942454
2022-12-23 12:00:00,4,280.416666666667,560,80,0.0666666666666667,1.54,3.25666666666667,NA,8166.66720045326,2022-12-23 13:00:00,0,12,5,357,13,5,357,5464.08962970054,67223.8940633379,8648.29323715696,3500.10019917237,1730.92833641717,"0",8362.64506477654,8153.0164322731
2022-12-23 13:00:00,5,280.616666666667,450,80.3333333333333,0.0333333333333333,1.37,3.25666666666667,NA,8018.97558975523,2022-12-23 14:00:00,0,13,5,357,14,5,357,5467.21545853918,65514.8123997082,8526.43709947476,3457.08816964754,1705.60473857455,"0",8214.16730456916,7992.41423347469
2022-12-23 14:00:00,6,280.55,270,81.6666666666667,0.0666666666666667,1.37,3.09,NA,7996.07092233699,2022-12-23 15:00:00,0,14,5,357,15,5,357,5611.59114123902,64541.9170302716,8524.10226671117,3435.1602419652,1722.73881734297,"0",8177.11144553845,7972.69925664312
2022-12-23 15:00:00,7,280.35,80,85,0.1,1.37,3.09,NA,8150.73227998847,2022-12-23 16:00:00,0,15,5,357,16,5,357,5777.71048423088,65033.6613710951,8573.56755543181,3508.04154197244,1772.0479317586,"0",8294.3976737268,8130.89568900231
2022-12-23 16:00:00,8,279.983333333333,0,85.6666666666667,0.2,1.02666666666667,2.57333333333333,NA,8295.64363936479,2022-12-23 17:00:00,0,16,5,357,17,5,357,5830.14688595558,66181.2253839109,8470.60689620308,3497.47066758626,1810.37200084619,"0",8457.54336077631,8291.02848785135
2022-12-23 17:00:00,9,279.683333333333,0,89.6666666666667,0.233333333333333,1.02666666666667,2.74333333333333,NA,8225.30772856749,2022-12-23 18:00:00,0,17,5,357,18,5,357,5760.97321635848,66116.9124808317,8322.62330039449,3465.31930155539,1828.21234354649,"0",8430.06286416572,8204.70235728072
2022-12-23 18:00:00,10,279.516666666667,0,93.6666666666667,0.366666666666667,1.2,2.91333333333333,NA,7961.64366500646,2022-12-23 19:00:00,0,18,5,357,19,5,357,5659.40005462239,64731.4227507576,8153.79971730501,3401.97912917091,1802.13366422333,"0",8190.6624971538,7937.21380902685
2022-12-23 19:00:00,11,279.283333333333,0,93.6666666666667,0.433333333333333,1.37,3.09,NA,7555.68895497024,2022-12-23 20:00:00,0,19,5,357,20,5,357,5496.40934197371,61804.1363773967,7853.66380107504,3277.16045424345,1715.74661229824,"0",7827.96011647907,7520.70396206484
2022-12-23 20:00:00,12,279.083333333333,0,94.3333333333333,0.466666666666667,1.2,3.09,NA,7223.40962893621,2022-12-23 21:00:00,0,20,5,357,21,5,357,5314.97574263942,58439.8700365384,7402.14606154668,3105.6487475462,1597.05407983629,"0",7480.98780718119,7182.96069094073
2022-12-23 21:00:00,13,279.016666666667,0,91,0.433333333333333,1.37,3.09,NA,6883.54739449242,2022-12-23 22:00:00,0,21,5,357,22,5,357,5062.93321932421,55710.7518743403,6904.72494389182,2930.33003393141,1487.04129918997,"0",7114.97661241934,6858.53358799131
2022-12-23 22:00:00,14,279.116666666667,0,91.3333333333333,0.4,1.2,3.25666666666667,NA,6501.85131373767,2022-12-23 23:00:00,0,22,5,357,23,5,357,4811.44548520388,52322.9562219267,6489.88433255646,2772.01728332236,1388.19824360077,"0",6700.6552507872,6465.81558006095
2022-12-23 23:00:00,15,279.183333333333,0,89,0.366666666666667,1.37,3.43,NA,NA,2022-12-24 00:00:00,0,23,5,357,0,6,358,4534.36647662678,49261.6977719448,6193.82146218478,2633.19132855782,1306.23360625119,"0",NA,NA
2022-12-24 00:00:00,16,279.316666666667,0,84.3333333333333,0.266666666666667,1.71333333333333,3.94333333333333,NA,5756.71283869504,2022-12-24 01:00:00,0,0,6,358,1,6,358,4294.34138892557,47277.2292195912,6073.76156224746,2544.92376206197,1259.23065063182,"0",6034.86550135067,5739.30978746482
2022-12-24 01:00:00,17,279.483333333333,0,85,0.133333333333333,2.05666666666667,4.63,NA,5541.56937574643,2022-12-24 02:00:00,0,1,6,358,2,6,358,4098.03970767111,46377.5531578797,6035.34605058946,2525.24114942503,1237.07549236193,"0",5799.92627544177,5463.57254226888
2022-12-24 02:00:00,18,279.716666666667,0,81.6666666666667,0.133333333333333,2.23,3.605,NA,5455.97020766994,2022-12-24 03:00:00,0,2,6,358,3,6,358,4024.23600834247,46173.9140491609,6064.70135802679,2526.54871524405,1234.5628185757,"0",5787.11658763136,5484.71970938449
2022-12-24 03:00:00,19,279.883333333333,0,80.6666666666667,0.1,2.4,3.345,NA,5504.83585562479,2022-12-24 04:00:00,0,3,6,358,4,6,358,4020.67127953139,45959.986434894,6183.25599797039,2562.42028314748,1250.6728511472,"0",5958.45199414703,5545.81460509629
2022-12-24 04:00:00,20,279.95,0,81,0,2.57,3.345,NA,5770.20707763236,2022-12-24 05:00:00,0,4,6,358,5,6,358,4186.90403668614,46645.221204186,6305.69576972413,2650.87289641162,1315.96546970859,"0",6458.79946651287,5733.75594852417
2022-12-24 05:00:00,21,279.983333333333,0,88.6666666666667,0,2.74333333333333,3.085,NA,6151.6751258548,2022-12-24 06:00:00,0,5,6,358,6,6,358,4381.53936678598,47339.3764146316,6561.36059415584,2833.68967682058,1450.37146899995,"0",7203.33097101624,6078.16467471177
2022-12-24 06:00:00,22,280.083333333333,0,77.6666666666667,0,2.57,3.605,NA,6685.73205426132,2022-12-24 07:00:00,0,6,6,358,7,6,358,4699.57475820162,49424.5097510088,6911.33102856777,2973.0585336583,1578.39586265972,"0",8009.45382480078,6662.34384622406
2022-12-24 07:00:00,23,280.216666666667,0,75.6666666666667,0,2.57,3.605,NA,7056.7732066629,2022-12-24 08:00:00,0,7,6,358,8,6,358,4931.19865986945,52585.4864911707,7223.51519363515,3107.00633257969,1644.69116332452,"0",8328.32534092217,7048.91159554422
2022-12-24 08:00:00,24,280.683333333333,100,75.3333333333333,0,2.74333333333333,3.605,NA,7250.60801937402,2022-12-24 09:00:00,0,8,6,358,9,6,358,5080.58540558385,54945.048448588,7513.56378839846,3224.9236644079,1655.57407667154,"0",8316.61001395181,7240.40334079349
2022-12-24 09:00:00,1,281.816666666667,330,71.3333333333333,0,2.74333333333333,6.51666666666667,NA,7455.95658269264,2022-12-24 10:00:00,0,9,6,358,10,6,358,5136.35041363603,57053.5380726329,7743.90552920898,3265.41826561237,1659.99178070564,"0",8377.56898316249,7405.09255245041
2022-12-24 10:00:00,2,282.45,530,69.6666666666667,0,2.91666666666667,6.69,NA,7500.94835419902,2022-12-24 11:00:00,0,10,6,358,11,6,358,5211.62754132216,58267.6954500937,7833.73182067038,3332.78298775029,1667.315571106,"0",8357.72464138926,7457.02046655185
2022-12-24 11:00:00,3,283.316666666667,660,66.6666666666667,0,3.08666666666667,6.69,NA,7389.57549467607,2022-12-24 12:00:00,0,11,6,358,12,6,358,5204.40743904294,58418.1450892803,7759.47765654295,3295.61968172836,1646.77091164642,"0",8266.41698274474,7353.86314228499
2022-12-24 12:00:00,4,283.883333333333,700,65,0,2.91666666666667,6.52,NA,7233.18248779188,2022-12-24 13:00:00,0,12,6,358,13,6,358,5147.86435418727,57324.7710563219,7696.89739768696,3229.21703551417,1595.6636507629,"0",8166.66720045326,7190.79195813435
2022-12-24 13:00:00,5,284.016666666667,590,63.6666666666667,0,2.91666666666667,6,NA,7064.08442875531,2022-12-24 14:00:00,0,13,6,358,14,6,358,5094.79088788172,55828.2164857714,7601.26517146802,3167.26342806086,1549.04909889495,"0",8018.97558975523,7020.063702485
2022-12-24 14:00:00,6,283.716666666667,390,62.3333333333333,0,2.57,5.83,NA,7016.5169208659,2022-12-24 15:00:00,0,14,6,358,15,6,358,5150.63451150112,55173.8630384445,7549.03051998564,3133.40601906889,1550.31184972667,"0",7996.07092233699,6968.71309755473
2022-12-24 15:00:00,7,283.05,120,61.3333333333333,0,2.4,5.14333333333333,NA,7182.31164628743,2022-12-24 16:00:00,0,15,6,358,16,6,358,5312.38632398144,56100.5092146813,7580.02031355953,3205.8951642734,1599.71430775271,"0",8150.73227998847,7139.98732409538
2022-12-24 16:00:00,8,282.25,0,59.3333333333333,0,2.23,4.63333333333333,NA,7384.35336490036,2022-12-24 17:00:00,0,16,6,358,17,6,358,5406.16471085373,57933.82697256,7514.4445862678,3199.24449596701,1648.06261101954,"0",8295.64363936479,7361.15904795781
2022-12-24 17:00:00,9,281.416666666667,0,58.3333333333333,0,2.05666666666667,4.29,NA,7368.18359623573,2022-12-24 18:00:00,0,17,6,358,18,6,358,5388.28335974163,58640.685794894,7464.40619321699,3175.13662862547,1674.22137230544,"0",8225.30772856749,7336.71454803881
2022-12-24 18:00:00,10,280.85,0,61,0,1.88333333333333,3.94666666666667,NA,7126.09739225712,2022-12-24 19:00:00,0,18,6,358,19,6,358,5306.69963001269,57679.0944888362,7317.95666519282,3128.59910868606,1656.76284787719,"0",7961.64366500646,7086.99173062378
2022-12-24 19:00:00,11,280.45,0,61.3333333333333,0,1.88333333333333,3.94666666666667,NA,6769.17593665939,2022-12-24 20:00:00,0,19,6,358,20,6,358,5160.47630883356,55384.5884555971,7125.43026148321,3029.54747521644,1584.76910026552,"0",7555.68895497024,6722.41541095878
2022-12-24 20:00:00,12,280.083333333333,0,63.6666666666667,0,1.71333333333333,3.77333333333333,NA,6498.00104967043,2022-12-24 21:00:00,0,20,6,358,21,6,358,4966.9351968397,52769.7747382156,6820.96530016436,2885.87084165743,1482.91808922253,"0",7223.40962893621,6445.92907658473
2022-12-24 21:00:00,13,279.85,0,69.6666666666667,0,1.54333333333333,3.43,NA,6242.53569940022,2022-12-24 22:00:00,0,21,6,358,22,6,358,4701.80999827054,51013.0064821918,6515.17466448688,2735.92546764605,1384.69867922594,"0",6883.54739449242,6195.45482841376
2022-12-24 22:00:00,14,279.616666666667,0,71.3333333333333,0,1.37,3.08333333333333,NA,5915.85229334222,2022-12-24 23:00:00,0,22,6,358,23,6,358,4411.63541872654,48608.8289503194,6206.15211280504,2595.29117620172,1290.7619164553,"0",6501.85131373767,5858.94780284276
2022-12-24 23:00:00,15,279.483333333333,0,73,0,1.37,3.08666666666667,NA,NA,2022-12-25 00:00:00,0,23,6,358,0,7,359,4141.12671934653,45955.274000385,5938.04154762578,2470.67422374724,1209.98886573601,"0",NA,NA
2022-12-25 00:00:00,16,279.383333333333,0,75.3333333333333,0,1.37,2.74333333333333,NA,4922.13499772725,2022-12-25 01:00:00,0,0,7,359,1,7,359,3961.12637038021,43704.6576371501,5840.60848278618,2389.68471572961,1166.10539059547,"1",5756.71283869504,5298.78168078481
2022-12-25 01:00:00,17,279.183333333333,0,79.6666666666667,0,1.2,2.74333333333333,NA,4736.86293142236,2022-12-25 02:00:00,0,1,7,359,2,7,359,3814.34299183207,42874.9581490878,5793.93939397537,2370.87308162647,1147.88838303559,"1",5541.56937574643,5103.45051134577
2022-12-25 02:00:00,18,279.116666666667,0,80,0,1.2,2.57333333333333,NA,4652.75281091437,2022-12-25 03:00:00,0,2,7,359,3,7,359,3740.46068307932,42914.8539282798,5801.42610659673,2369.1187005239,1149.32973901241,"1",5455.97020766994,5024.23654202525
2022-12-25 03:00:00,19,279.05,0,86,0,1.2,2.57333333333333,NA,4700.33532958272,2022-12-25 04:00:00,0,3,7,359,4,7,359,3741.68645176796,42848.6280339369,5885.67761365487,2405.13449589041,1169.95962692084,"1",5504.83585562479,5059.7855845824
2022-12-25 04:00:00,20,278.883333333333,0,86.6666666666667,0.1,1.02666666666667,2.57333333333333,NA,4919.45148360745,2022-12-25 05:00:00,0,4,7,359,5,7,359,3898.18760048873,43276.084255704,6048.43044064066,2499.32584698758,1229.88869632437,"1",5770.20707763236,5246.6584756002
2022-12-25 05:00:00,21,278.716666666667,0,89,0.1,1.02666666666667,2.57,NA,5217.91833561615,2022-12-25 06:00:00,0,5,7,359,6,7,359,4077.74982440042,43755.5200387538,6279.50460913668,2692.40592100474,1343.98111552396,"1",6151.6751258548,5543.11236556653
2022-12-25 06:00:00,22,278.516666666667,0,83,0.1,0.856666666666667,2.57,NA,5646.45112528289,2022-12-25 07:00:00,0,6,7,359,7,7,359,4358.37183287652,45346.5606079708,6627.96268266237,2851.87105404798,1458.13892558761,"1",6685.73205426132,5974.26464683574
2022-12-25 07:00:00,23,278.416666666667,0,56.6666666666667,0,1.2,2.57,NA,5994.33274202524,2022-12-25 08:00:00,0,7,7,359,8,7,359,4626.17978723972,48139.9088107966,7006.95834694817,3005.63062852883,1532.23481673706,"1",7056.7732066629,6359.7179607925
2022-12-25 08:00:00,24,278.583333333333,80,89,0,1.2,2.74333333333333,NA,6309.59874267294,2022-12-25 09:00:00,0,8,7,359,9,7,359,4863.50988438462,50450.2961574438,7400.8212643642,3138.37461442038,1559.20930589622,"1",7250.60801937402,6634.05406011781
2022-12-25 09:00:00,1,279.65,270,73.6666666666667,0,1.2,2.74333333333333,NA,6521.86120367072,2022-12-25 10:00:00,0,9,7,359,10,7,359,4996.95166458364,52635.066735305,7679.27569525236,3179.51515167746,1566.32245200542,"1",7455.95658269264,6882.43495662932
2022-12-25 10:00:00,2,280.483333333333,460,69.6666666666667,0,1.02666666666667,2.91333333333333,NA,6594.96886855183,2022-12-25 11:00:00,0,10,7,359,11,7,359,5075.86274046459,54258.3965226556,7768.28951385513,3231.14995690947,1564.35579803006,"1",7500.94835419902,6953.26198107279
2022-12-25 11:00:00,3,281.516666666667,580,65,0,1.37333333333333,3.08666666666667,NA,6526.307678117,2022-12-25 12:00:00,0,11,7,359,12,7,359,5035.8392838717,55425.9789458848,7650.5474080146,3167.48452190192,1535.61132046951,"1",7389.57549467607,6904.15343242928
2022-12-25 12:00:00,4,282.15,630,55,0,1.37333333333333,3.26,NA,6373.31730648647,2022-12-25 13:00:00,0,12,7,359,13,7,359,4951.82715854759,54868.1625577501,7538.97996333776,3086.38492556104,1482.16363064275,"1",7233.18248779188,6752.2493332723
2022-12-25 13:00:00,5,282.316666666667,550,53.6666666666667,0,1.54333333333333,3.43,NA,6208.9341144443,2022-12-25 14:00:00,0,13,7,359,14,7,359,4903.4469080741,53252.6778570817,7464.52389428805,3016.03160749952,1438.72375574014,"1",7064.08442875531,6578.33928862901
2022-12-25 14:00:00,6,282.15,350,52,0,1.54333333333333,3.42666666666667,NA,6135.00706428359,2022-12-25 15:00:00,0,14,7,359,15,7,359,4956.61991935612,52165.6545130718,7429.41122500941,2996.18541898709,1440.90689878074,"1",7016.5169208659,6502.83153545502
2022-12-25 15:00:00,7,281.416666666667,120,49.6666666666667,0,1.54333333333333,3.6,NA,6327.98000604162,2022-12-25 16:00:00,0,15,7,359,16,7,359,5130.62170925533,53055.103502199,7546.59956804286,3092.58801417602,1494.4828480457,"1",7182.31164628743,6699.96494820256
2022-12-25 16:00:00,8,280.516666666667,10,50,0,1.37,3.25666666666667,NA,6613.16347548403,2022-12-25 17:00:00,0,16,7,359,17,7,359,5286.42079797662,55406.5083697387,7562.33056147902,3119.74849811771,1556.8660490527,"1",7384.35336490036,7009.95929030508
2022-12-25 17:00:00,9,279.75,0,53,0,1.37,3.25666666666667,NA,6705.81872248877,2022-12-25 18:00:00,0,17,7,359,18,7,359,5350.98249991483,56888.6886950712,7575.14355819629,3130.82785310856,1598.58537387901,"1",7368.18359623573,7094.34704218283
2022-12-25 18:00:00,10,278.983333333333,0,53.3333333333333,0,1.54333333333333,3.08666666666667,NA,6532.57422279642,2022-12-25 19:00:00,0,18,7,359,19,7,359,5323.43551226678,56393.5218254532,7526.94196750821,3114.50808338646,1597.00717418756,"1",7126.09739225712,6930.61322036609
2022-12-25 19:00:00,11,278.483333333333,0,53.6666666666667,0,1.54333333333333,3.08666666666667,NA,6242.41762083702,2022-12-25 20:00:00,0,19,7,359,20,7,359,5205.47934117393,54709.8451486223,7386.74599514431,3035.01554885075,1545.49093599739,"1",6769.17593665939,6633.98570181872
2022-12-25 20:00:00,12,278.15,0,55,0,1.37333333333333,2.91666666666667,NA,6048.77919637709,2022-12-25 21:00:00,0,20,7,359,21,7,359,5023.26289145207,52972.3401221623,7119.79553773274,2905.69554129267,1462.98052039484,"1",6498.00104967043,6445.49256537849
2022-12-25 21:00:00,13,277.783333333333,0,59,0,1.37333333333333,2.91666666666667,NA,5857.43249739178,2022-12-25 22:00:00,0,21,7,359,22,7,359,4776.27110905847,51713.6673920107,6885.46131715431,2763.29952175712,1373.94299831959,"1",6242.53569940022,6261.41327320386
2022-12-25 22:00:00,14,277.583333333333,0,58.3333333333333,0,1.02666666666667,2.74333333333333,NA,5571.37691941061,2022-12-25 23:00:00,0,22,7,359,23,7,359,4494.45935659785,49652.5524933651,6608.12926634693,2630.30689563168,1283.94783443381,"1",5915.85229334222,5982.84857752171
2022-12-25 23:00:00,15,277.316666666667,0,63.6666666666667,0,1.02666666666667,2.57333333333333,NA,NA,2022-12-26 00:00:00,0,23,7,359,0,1,360,4238.55308009701,47329.207202516,6483.65273015461,2514.90368731891,1207.08847394558,"1",NA,NA
2022-12-26 00:00:00,16,277.216666666667,0,65,0,1.02666666666667,2.57333333333333,NA,5344.19065243127,2022-12-26 01:00:00,0,0,1,360,1,1,360,4066.39240731161,45281.1203826396,6472.15917418031,2443.64917257696,1167.09739852289,"1",4922.13499772725,5812.57252692111
2022-12-26 01:00:00,17,277.05,0,67,0,1.02666666666667,2.74333333333333,NA,5155.60182649678,2022-12-26 02:00:00,0,1,1,360,2,1,360,3917.54505532544,44363.0197839927,6359.09914094334,2439.20037627259,1151.46368277705,"1",4736.86293142236,5626.33491154287
2022-12-26 02:00:00,18,276.916666666667,0,72.3333333333333,0,1.02666666666667,2.74333333333333,NA,5088.81359397812,2022-12-26 03:00:00,0,2,1,360,3,1,360,3840.24348581972,44596.0064635246,6334.15659741497,2470.69168414814,1157.47679973385,"1",4652.75281091437,5548.99992242271
2022-12-26 03:00:00,19,276.883333333333,0,66.6666666666667,0,1.19666666666667,3.08666666666667,NA,5224.71379022579,2022-12-26 04:00:00,0,3,1,360,4,1,360,3868.34380444963,45626.2920148066,6572.5278097913,2577.20395689712,1204.15141636537,"1",4700.33532958272,5678.13641531837
2022-12-26 04:00:00,20,276.816666666667,0,67.3333333333333,0,1.19666666666667,3.26,NA,5743.22792321732,2022-12-26 05:00:00,0,4,1,360,5,1,360,4191.45684097037,49094.1978082649,7116.16338658572,2772.39507999853,1331.93685971069,"1",4919.45148360745,6188.87410839807
2022-12-26 05:00:00,21,276.883333333333,0,70,0,1.19666666666667,3.43333333333333,NA,6503.94043713913,2022-12-26 06:00:00,0,5,1,360,6,1,360,4684.0164250312,54205.7272089115,7903.6306783673,3064.04276112232,1526.46859064164,"1",5217.91833561615,6976.07646318547
2022-12-26 06:00:00,22,276.916666666667,0,64.6666666666667,0,1.19666666666667,3.26,NA,7224.42172296375,2022-12-26 07:00:00,0,6,1,360,7,1,360,5138.17948298811,59414.1715200745,8419.45842792205,3273.15502905185,1673.86054964046,"1",5646.45112528289,7725.67703360195
2022-12-26 07:00:00,23,277.016666666667,10,66.6666666666667,0,1.19666666666667,3.08666666666667,NA,7608.90613441004,2022-12-26 08:00:00,0,7,1,360,8,1,360,5295.53700645822,63309.0148155483,8647.70149378022,3413.37225173582,1724.5940946254,"1",5994.33274202524,8124.77063366941
2022-12-26 08:00:00,24,277.45,140,67,0,1.37,3.08666666666667,NA,7740.96574353991,2022-12-26 09:00:00,0,8,1,360,9,1,360,5349.99709192148,64845.0465570412,8731.88400682657,3491.95302519717,1709.39184545122,"1",6309.59874267294,8217.89603648864
2022-12-26 09:00:00,1,277.216666666667,370,65,0,1.19666666666667,3.08666666666667,NA,7790.10671300967,2022-12-26 10:00:00,0,9,1,360,10,1,360,5343.9441300478,65424.4011182183,8721.60269572446,3484.52360878061,1681.55722895248,"1",6521.86120367072,8292.07322792383
2022-12-26 10:00:00,2,278.45,640,63.3333333333333,0,1.02666666666667,2.74333333333333,NA,7756.8621073131,2022-12-26 11:00:00,0,10,1,360,11,1,360,5388.89402362097,65664.0587061758,8751.24202002124,3518.30287986356,1667.28456127611,"1",6594.96886855183,8259.71804952654
2022-12-26 11:00:00,3,280.083333333333,760,61.3333333333333,0,1.02666666666667,2.91666666666667,NA,7736.48482123441,2022-12-26 12:00:00,0,11,1,360,12,1,360,5408.12630292263,66803.3622625593,8797.77559925393,3478.14876448552,1650.94179717381,"1",6526.307678117,8258.95731731848
2022-12-26 12:00:00,4,280.983333333333,780,62.3333333333333,0,1.37,2.91666666666667,NA,7670.61821471932,2022-12-26 13:00:00,0,12,1,360,13,1,360,5411.97772577353,66697.7950715932,8756.55055380319,3431.961869282,1625.05085174419,"1",6373.31730648647,8193.62602345608
2022-12-26 13:00:00,5,281.45,650,60.3333333333333,0,1.54333333333333,2.91666666666667,NA,7539.32702846356,2022-12-26 14:00:00,0,13,1,360,14,1,360,5407.94395572546,65357.1149672066,8636.4112146357,3391.35677396304,1607.52997013573,"1",6208.9341144443,8052.65579507321
2022-12-26 14:00:00,6,281.383333333333,390,59.6666666666667,0,1.37,3.26,NA,7484.36230751925,2022-12-26 15:00:00,0,14,1,360,15,1,360,5518.60945160232,64144.2083254806,8588.31392589392,3386.16428631173,1622.61050635891,"1",6135.00706428359,7993.60487286087
2022-12-26 15:00:00,7,281.083333333333,130,63.6666666666667,0,1.71666666666667,3.26,NA,7624.94472662448,2022-12-26 16:00:00,0,15,1,360,16,1,360,5680.341091332,64185.2428145236,8707.99870530115,3477.17323652931,1672.62378599446,"1",6327.98000604162,8111.30380804812
2022-12-26 16:00:00,8,280.383333333333,10,62.6666666666667,0,1.71666666666667,3.43,NA,7830.72227021264,2022-12-26 17:00:00,0,16,1,360,17,1,360,5792.87042220851,65226.5692932256,8684.83917159059,3496.02221584079,1720.51436899296,"1",6613.16347548403,8350.0139124802
2022-12-26 17:00:00,9,279.883333333333,0,66,0.166666666666667,1.71666666666667,3.77333333333333,NA,7883.85691167542,2022-12-26 18:00:00,0,17,1,360,18,1,360,5810.52614001441,66262.2876320009,8551.53810445625,3490.28685613005,1747.4266552059,"1",6705.81872248877,8379.28246463707
2022-12-26 18:00:00,10,279.516666666667,0,66.6666666666667,0.166666666666667,1.71333333333333,4.11333333333333,NA,7697.8886886184,2022-12-26 19:00:00,0,18,1,360,19,1,360,5757.45868199773,65609.5219662715,8449.4939435433,3447.89025031699,1732.17949448832,"1",6532.57422279642,8174.93851382713
2022-12-26 19:00:00,11,279.55,0,67.6666666666667,0.133333333333333,2.23,4.62666666666667,NA,7364.08605165989,2022-12-26 20:00:00,0,19,1,360,20,1,360,5615.02572819978,63238.3959377143,8207.63026562388,3332.7652948539,1663.54336018267,"1",6242.41762083702,7834.64223809296
2022-12-26 20:00:00,12,279.516666666667,0,68,0.166666666666667,2.40333333333333,5.14333333333333,NA,7073.92044961154,2022-12-26 21:00:00,0,20,1,360,21,1,360,5416.73953613397,60056.8570680336,7810.85443286947,3165.13343784889,1562.48075767807,"1",6048.77919637709,7502.96323496789
2022-12-26 21:00:00,13,279.716666666667,0,71,0.166666666666667,2.57333333333333,5.31666666666667,NA,6759.2119948712,2022-12-26 22:00:00,0,21,1,360,22,1,360,5150.98322912969,57006.7371778158,7351.09189550771,2989.9527066441,1458.7371277607,"1",5857.43249739178,7215.28909655828
2022-12-26 22:00:00,14,279.783333333333,0,71.3333333333333,0.166666666666667,2.40333333333333,3.345,NA,6341.250768417,2022-12-26 23:00:00,0,22,1,360,23,1,360,4873.04437557249,53359.8008217834,6924.50238789316,2834.64841711112,1360.6599332157,"1",5571.37691941061,6824.3027503018
2022-12-26 23:00:00,15,279.816666666667,0,74.3333333333333,0.166666666666667,2.57333333333333,3.605,NA,NA,2022-12-27 00:00:00,0,23,1,360,0,2,361,4581.99407495061,50318.3774291946,6730.75618622928,2703.03485304495,1281.03074177395,"1",NA,NA
2022-12-27 00:00:00,16,279.783333333333,0,77.3333333333333,0.133333333333333,2.57333333333333,3.345,NA,5932.30625854539,2022-12-27 01:00:00,0,0,2,361,1,2,361,4341.60241838173,48236.113054491,6678.46784086899,2621.70972283904,1240.54043574593,"0",5344.19065243127,5954.15613966239
2022-12-27 01:00:00,17,279.783333333333,0,76.3333333333333,0.166666666666667,2.74333333333333,3.605,NA,5723.6426388215,2022-12-27 02:00:00,0,1,2,361,2,2,361,4143.98905540985,47233.3969493241,6548.67292662402,2607.09302325398,1227.87843461626,"0",5155.60182649678,5779.72272558847
2022-12-27 02:00:00,18,279.816666666667,0,80.3333333333333,0.166666666666667,2.74333333333333,3.605,NA,5648.06265640159,2022-12-27 03:00:00,0,2,2,361,3,2,361,4076.20866008168,47235.9707811784,6543.87990673135,2637.22117576457,1232.69661208925,"0",5088.81359397812,5692.00081558799
2022-12-27 03:00:00,19,279.616666666667,0,72.3333333333333,0.133333333333333,2.91666666666667,3.345,NA,5769.74970919495,2022-12-27 04:00:00,0,3,2,361,4,2,361,4112.50924279529,47942.1411420508,6791.18342248252,2746.49958103245,1271.6537018619,"0",5224.71379022579,5823.52966645752
2022-12-27 04:00:00,20,279.316666666667,0,69,0,2.91666666666667,3.345,NA,6333.87834198983,2022-12-27 05:00:00,0,4,2,361,5,2,361,4437.56707916194,51353.2624708315,7368.97366485329,2947.64591855592,1403.96518950408,"0",5743.22792321732,6390.17188231585
2022-12-27 05:00:00,21,279.15,0,65.3333333333333,0,2.91333333333333,3.345,NA,7179.16424947796,2022-12-27 06:00:00,0,5,2,361,6,2,361,4931.44371098436,56461.1358748352,8284.87283827724,3242.76858580004,1616.92990779455,"0",6503.94043713913,7271.05250150707
2022-12-27 06:00:00,22,278.616666666667,0,58.3333333333333,0,2.74333333333333,3.86,NA,7960.28005815978,2022-12-27 07:00:00,0,6,2,361,7,2,361,5381.22280189028,61783.0052224126,8785.02291646535,3442.59773872557,1773.69706542131,"0",7224.42172296375,8051.2137862318
2022-12-27 07:00:00,23,278.583333333333,10,56,0,2.74333333333333,4.115,NA,8297.65904194243,2022-12-27 08:00:00,0,7,2,361,8,2,361,5494.84797906108,65196.9599206786,8956.79585489106,3558.03240034963,1815.21258389839,"0",7608.90613441004,8393.19441026969
2022-12-27 08:00:00,24,278.716666666667,120,55.3333333333333,0,3.08666666666667,4.115,NA,8338.01394772132,2022-12-27 09:00:00,0,8,2,361,9,2,361,5505.33164829458,66210.1113609832,9002.94167579615,3605.29355954092,1793.84811390019,"0",7740.96574353991,8365.05606376588
2022-12-27 09:00:00,1,279.716666666667,410,40.6666666666667,0,3.42666666666667,7.03,NA,8367.74656234117,2022-12-27 10:00:00,0,9,2,361,10,2,361,5465.92297869663,66520.8716294442,8964.94242050429,3573.91824925934,1773.80044759216,"0",7790.10671300967,8431.55462492594
2022-12-27 10:00:00,2,280.383333333333,680,37.3333333333333,0,3.25666666666667,7.03,NA,8323.80441535507,2022-12-27 11:00:00,0,10,2,361,11,2,361,5511.5063552068,66787.6254864412,8977.93920306727,3602.21694468716,1769.83694902129,"0",7756.8621073131,8384.74231624493
2022-12-27 11:00:00,3,281.016666666667,810,34.6666666666667,0,3.25666666666667,6.68666666666667,NA,8276.04648731632,2022-12-27 12:00:00,0,11,2,361,12,2,361,5549.71132007514,67338.021668641,9033.77113866568,3574.24882831501,1759.97344762638,"0",7736.48482123441,8355.38063398025
2022-12-27 12:00:00,4,281.283333333333,810,34.6666666666667,0,3.25666666666667,6.34333333333333,NA,8221.11088629083,2022-12-27 13:00:00,0,12,2,361,13,2,361,5591.17195353658,67088.525273177,9003.17163609448,3535.38037960973,1731.86803757839,"0",7670.61821471932,8292.17987038787
2022-12-27 13:00:00,5,281.45,690,34.6666666666667,0,2.91333333333333,6.17333333333333,NA,8118.0908576066,2022-12-27 14:00:00,0,13,2,361,14,2,361,5592.26218603593,66166.5239019226,8858.96481534792,3496.45586014545,1704.14320933764,"0",7539.32702846356,8181.13366887285
2022-12-27 14:00:00,6,281.05,420,37.3333333333333,0,2.74333333333333,5.66,NA,8090.77902847978,2022-12-27 15:00:00,0,14,2,361,15,2,361,5690.47870992865,65586.654552795,8818.11041023399,3479.72196057383,1708.65707933752,"0",7484.36230751925,8168.52287745405
2022-12-27 15:00:00,7,280.283333333333,130,40.6666666666667,0,2.4,5.14333333333333,NA,8167.97989691332,2022-12-27 16:00:00,0,15,2,361,16,2,361,5803.66706578482,65376.6932112204,8881.96698271261,3553.52470696347,1747.8196244005,"0",7624.94472662448,8207.27626329151
2022-12-27 16:00:00,8,279.416666666667,10,40.3333333333333,0,2.06,4.46,NA,8288.55304479034,2022-12-27 17:00:00,0,16,2,361,17,2,361,5860.9681044459,65784.9154491283,8830.45352991628,3557.11890285812,1788.31825277522,"0",7830.72227021264,8389.51055541617
2022-12-27 17:00:00,9,278.516666666667,0,45,0,1.71333333333333,4.11666666666667,NA,8313.96075532705,2022-12-27 18:00:00,0,17,2,361,18,2,361,5849.73601894059,66832.4821418133,8661.51466424609,3537.79499775828,1811.92709881037,"0",7883.85691167542,8406.62686221702
2022-12-27 18:00:00,10,277.883333333333,0,45.3333333333333,0,1.54333333333333,3.43,NA,8129.44599930034,2022-12-27 19:00:00,0,18,2,361,19,2,361,5793.66882257109,66534.8572404596,8537.39550311397,3481.68137945104,1793.95970675828,"0",7697.8886886184,8229.81590328645
2022-12-27 19:00:00,11,277.616666666667,0,46.6666666666667,0,1.37,3.43,NA,7763.423578331,2022-12-27 20:00:00,0,19,2,361,20,2,361,5640.74157237468,64059.722523355,8277.61050741058,3353.24966286515,1714.67570475725,"0",7364.08605165989,7852.57887408903
2022-12-27 20:00:00,12,277.25,0,53.3333333333333,0,1.37,3.08666666666667,NA,7420.00786963591,2022-12-27 21:00:00,0,20,2,361,21,2,361,5433.62457334361,60533.4376097263,7861.17520859732,3171.88008296798,1597.70178184437,"0",7073.92044961154,7468.21554082249
2022-12-27 21:00:00,13,276.983333333333,0,55.3333333333333,0,1.2,2.91666666666667,NA,7080.61696897414,2022-12-27 22:00:00,0,21,2,361,22,2,361,5167.17215137203,57634.8376149937,7357.05002008704,2984.92201064833,1484.42158483963,"0",6759.2119948712,7162.6583677614
2022-12-27 22:00:00,14,276.516666666667,0,52.6666666666667,0,1.2,2.74333333333333,NA,6683.99082761813,2022-12-27 23:00:00,0,22,2,361,23,2,361,4897.34102346119,54244.5401160275,6924.05833131527,2822.76641015876,1383.74411503051,"0",6341.250768417,6776.91671288039
2022-12-27 23:00:00,15,276.25,0,55.6666666666667,0,1.2,2.57333333333333,NA,NA,2022-12-28 00:00:00,0,23,2,361,0,3,362,4608.64791326683,51234.4474745427,6747.0571016401,2688.13591126488,1300.02666183081,"0",NA,NA
2022-12-28 00:00:00,16,275.75,0,55.3333333333333,0,1.02666666666667,2.74333333333333,NA,5984.44753849152,2022-12-28 01:00:00,0,0,3,362,1,3,362,4364.88509534502,48766.7119449895,6676.53682022326,2604.18512435688,1252.92081447832,"0",5932.30625854539,5997.24051592274
2022-12-28 01:00:00,17,275.35,0,58.3333333333333,0,1.02666666666667,2.57333333333333,NA,5750.84602141782,2022-12-28 02:00:00,0,1,3,362,2,3,362,4163.78892913791,47684.0180086306,6541.39009569777,2585.45809760031,1233.4818953995,"0",5723.6426388215,5745.92155000909
2022-12-28 02:00:00,18,274.95,0,61.6666666666667,0,1.02666666666667,2.4,NA,5683.73564279681,2022-12-28 03:00:00,0,2,3,362,3,3,362,4085.85734596866,47877.8984394622,6541.44036180974,2609.86112567683,1234.06502556681,"0",5648.06265640159,5697.38305358307
2022-12-28 03:00:00,19,274.583333333333,0,58.6666666666667,0,1.02666666666667,2.22666666666667,NA,5818.0100473566,2022-12-28 04:00:00,0,3,3,362,4,3,362,4112.98837169781,48761.2595946299,6749.05975622008,2710.43587815535,1272.45543913905,"0",5769.74970919495,5850.71709358576
2022-12-28 04:00:00,20,274.483333333333,0,61.6666666666667,0,0.856666666666667,2.23,NA,6364.54783895508,2022-12-28 05:00:00,0,4,3,362,5,3,362,4418.22655421441,51876.7206310338,7254.61237875707,2900.6530312501,1402.75830344297,"0",6333.87834198983,6388.21788043525
2022-12-28 05:00:00,21,274.416666666667,0,64,0,0.856666666666667,2.23,NA,7191.80892022037,2022-12-28 06:00:00,0,5,3,362,6,3,362,4880.53708639018,56716.6443290508,8057.76673415522,3181.70395232468,1609.95070653602,"0",7179.16424947796,7242.31526333496
2022-12-28 06:00:00,22,274.516666666667,0,64,0,0.856666666666667,2.23,NA,7980.57335792799,2022-12-28 07:00:00,0,6,3,362,7,3,362,5312.99484301483,62154.9802784111,8549.31216440464,3372.67337490449,1759.55682981258,"0",7960.28005815978,8028.80574824291
2022-12-28 07:00:00,23,274.55,10,64.3333333333333,0,1.02666666666667,2.4,NA,8320.36977831056,2022-12-28 08:00:00,0,7,3,362,8,3,362,5465.15845833845,65485.3048617709,8733.88044823994,3491.99607759126,1798.82985687893,"0",8297.65904194243,8367.54930195574
2022-12-28 08:00:00,24,274.95,110,65.3333333333333,0,1.02666666666667,2.57333333333333,NA,8380.92138237169,2022-12-28 09:00:00,0,8,3,362,9,3,362,5542.56604250824,66325.3894383332,8821.56610619565,3552.00022645544,1786.15406104124,"0",8338.01394772132,8407.01366540147
2022-12-28 09:00:00,1,274.783333333333,360,58.3333333333333,0,1.02666666666667,2.4,NA,8396.52694516625,2022-12-28 10:00:00,0,9,3,362,10,3,362,5563.76488192826,66673.1045715195,8830.51291745521,3537.68008040147,1782.36640228544,"0",8367.74656234117,8464.91310884121
2022-12-28 10:00:00,2,275.85,560,54,0,1.02666666666667,2.57333333333333,NA,8383.9372992848,2022-12-28 11:00:00,0,10,3,362,11,3,362,5629.07833050149,67215.8273253824,8889.30598286929,3578.85834314165,1791.86884390592,"0",8323.80441535507,8449.17380646609
2022-12-28 11:00:00,3,277.383333333333,670,50.6666666666667,0,1.2,2.74666666666667,NA,8316.06797411167,2022-12-28 12:00:00,0,11,3,362,12,3,362,5649.56511057331,67533.3095818263,8938.49917824283,3557.48253484534,1780.5108905882,"0",8276.04648731632,8391.96288106209
2022-12-28 12:00:00,4,278.25,740,44.3333333333333,0,1.37,2.74333333333333,NA,8248.30919352512,2022-12-28 13:00:00,0,12,3,362,13,3,362,5658.21829052093,67314.0266168332,8918.26195153278,3522.03194748151,1741.5662508472,"0",8221.11088629083,8322.30408538221
2022-12-28 13:00:00,5,278.75,640,42,0,1.37,2.91666666666667,NA,8135.10578072433,2022-12-28 14:00:00,0,13,3,362,14,3,362,5630.28878548496,66290.5359679784,8794.9970607948,3484.83063603386,1706.16638699391,"0",8118.0908576066,8198.80696929144
2022-12-28 14:00:00,6,278.783333333333,400,42.3333333333333,0,1.2,2.91666666666667,NA,8103.4510873024,2022-12-28 15:00:00,0,14,3,362,15,3,362,5708.00225867885,65613.0375677583,8769.48726073713,3466.36832414618,1707.94876943281,"0",8090.77902847978,8173.40608229421
2022-12-28 15:00:00,7,278.35,140,41.6666666666667,0,1.2,2.74333333333333,NA,8189.17306536112,2022-12-28 16:00:00,0,15,3,362,16,3,362,5801.98876288783,65683.8064356072,8833.20423173689,3538.77235595009,1749.99353259366,"0",8167.97989691332,8258.81374746431
2022-12-28 16:00:00,8,277.616666666667,10,41,0,1.2,2.40333333333333,NA,8334.85258935389,2022-12-28 17:00:00,0,16,3,362,17,3,362,5859.331003993,66751.5279490539,8793.04887130955,3543.43153075821,1796.97903696998,"0",8288.55304479034,8424.14372340758
2022-12-28 17:00:00,9,276.683333333333,0,44.3333333333333,0,1.02666666666667,2.57333333333333,NA,8358.76209458881,2022-12-28 18:00:00,0,17,3,362,18,3,362,5861.76854841298,67552.3059236525,8674.70495066237,3528.15301529578,1830.29655242981,"0",8313.96075532705,8431.38737015468
2022-12-28 18:00:00,10,275.983333333333,0,47,0,0.853333333333333,2.40333333333333,NA,8163.53092432812,2022-12-28 19:00:00,0,18,3,362,19,3,362,5813.122189268,66800.9577841673,8554.33209156034,3480.07115417016,1818.70348247683,"0",8129.44599930034,8235.36959460186
2022-12-28 19:00:00,11,275.45,0,47.3333333333333,0,1.02666666666667,2.57333333333333,NA,7765.52979035273,2022-12-28 20:00:00,0,19,3,362,20,3,362,5657.27663361228,63913.5334599583,8274.61669556653,3361.96505789349,1738.30206625383,"0",7763.423578331,7822.71581777623
2022-12-28 20:00:00,12,274.983333333333,0,52,0,1.02666666666667,2.40333333333333,NA,7402.08981954611,2022-12-28 21:00:00,0,20,3,362,21,3,362,5438.80268143,60260.1347371232,7820.60652630986,3190.66897254186,1615.81934265828,"0",7420.00786963591,7441.37779256164
2022-12-28 21:00:00,13,274.583333333333,0,51.6666666666667,0,1.02666666666667,2.57333333333333,NA,7048.18309643808,2022-12-28 22:00:00,0,21,3,362,22,3,362,5168.19969234128,57253.4809352168,7322.94722593175,3010.91286812653,1499.36788723521,"0",7080.61696897414,7097.50054794494
2022-12-28 22:00:00,14,274.316666666667,0,51,0,1.02666666666667,2.74333333333333,NA,6671.90454438013,2022-12-28 23:00:00,0,22,3,362,23,3,362,4888.67532374827,54043.9202278811,6928.12832883036,2850.55613861437,1400.27504223528,"0",6683.99082761813,6715.13814185115
2022-12-28 23:00:00,15,273.983333333333,0,53.3333333333333,0,1.2,2.74333333333333,NA,NA,2022-12-29 00:00:00,0,23,3,362,0,4,363,4591.10021947515,51229.6225912109,6931.62222947999,2714.34502850316,1318.3176712811,"0",NA,NA
2022-12-29 00:00:00,16,273.716666666667,0,52.3333333333333,0,1.02666666666667,2.57333333333333,NA,6020.05278719154,2022-12-29 01:00:00,0,0,4,363,1,4,363,4334.13051430279,48947.4997236308,7009.57501685624,2627.77101195607,1268.70263001959,"0",5984.44753849152,6043.05794789007
2022-12-29 01:00:00,17,273.516666666667,0,54.6666666666667,0,1.02666666666667,2.4,NA,5786.72555821076,2022-12-29 02:00:00,0,1,4,363,2,4,363,4133.07082929416,47830.3830375712,6938.03975596125,2604.47856823711,1241.66710779676,"0",5750.84602141782,5813.90886370631
2022-12-29 02:00:00,18,273.316666666667,0,60,0,1.02666666666667,2.22666666666667,NA,5708.42529380208,2022-12-29 03:00:00,0,2,4,363,3,4,363,4064.69222600569,47871.8180948493,6931.11625718397,2623.23937847516,1234.25340655435,"0",5683.73564279681,5724.33801673871
2022-12-29 03:00:00,19,273.083333333333,0,55.6666666666667,0,1.02666666666667,2.4,NA,5845.44367663398,2022-12-29 04:00:00,0,3,4,363,4,4,363,4102.16460148895,48790.9190331399,7072.06944077475,2717.44256496022,1274.60690535813,"0",5818.0100473566,5860.257757679
2022-12-29 04:00:00,20,272.883333333333,0,58,0,1.02666666666667,2.57333333333333,NA,6403.45149126009,2022-12-29 05:00:00,0,4,4,363,5,4,363,4423.64732667991,52257.0188673583,7372.28564892235,2899.68450021945,1416.09748435784,"0",6364.54783895508,6406.95853316815
2022-12-29 05:00:00,21,272.95,0,61.3333333333333,0,1.02666666666667,2.74666666666667,NA,7270.65850646024,2022-12-29 06:00:00,0,5,4,363,6,4,363,4915.96007790116,57884.7632289565,7940.38591697774,3170.46580385934,1632.79542582175,"0",7191.80892022037,7289.44834440707
2022-12-29 06:00:00,22,272.916666666667,0,58.6666666666667,0,1.19666666666667,2.91666666666667,NA,8080.85314948839,2022-12-29 07:00:00,0,6,4,363,7,4,363,5362.79674505607,63604.8758290684,8402.33769241837,3355.70816400954,1786.3169811972,"0",7980.57335792799,8097.33345618852
2022-12-29 07:00:00,23,273.183333333333,10,58,0,1.19666666666667,2.91666666666667,NA,8403.30877079236,2022-12-29 08:00:00,0,7,4,363,8,4,363,5477.31048924201,66921.6990614696,8617.42482509508,3474.24371076661,1818.45800045056,"0",8320.36977831056,8423.95844446752
2022-12-29 08:00:00,24,273.783333333333,160,59,0,1.19666666666667,3.26,NA,8457.95505816574,2022-12-29 09:00:00,0,8,4,363,9,4,363,5507.61067198561,67838.662111087,8740.59847744789,3537.09599380616,1789.22832369532,"0",8380.92138237169,8465.96211086241
2022-12-29 09:00:00,1,274.25,470,55.3333333333333,0,1.2,2.91666666666667,NA,8475.65854889735,2022-12-29 10:00:00,0,9,4,363,10,4,363,5491.77706070536,68621.4776145612,8750.1242197225,3528.88433169852,1769.35290765892,"0",8396.52694516625,8503.59356320535
2022-12-29 10:00:00,2,275.516666666667,770,54.6666666666667,0,1.2,2.91666666666667,NA,8471.95868024151,2022-12-29 11:00:00,0,10,4,363,11,4,363,5549.27606856574,69331.370144132,8797.21388241437,3569.31627232323,1768.2449067115,"0",8383.9372992848,8489.8318423316
2022-12-29 11:00:00,3,276.983333333333,910,55.6666666666667,0,1.2,3.09,NA,8402.61831072844,2022-12-29 12:00:00,0,11,4,363,12,4,363,5577.50187836559,69711.0893142147,8818.06070720686,3543.4683175378,1752.13112152423,"0",8316.06797411167,8397.79237143616
2022-12-29 12:00:00,4,277.95,930,57.6666666666667,0,1.37,3.26,NA,8342.84096706771,2022-12-29 13:00:00,0,12,4,363,13,4,363,5591.17636086749,69293.2747397008,8776.92220677944,3502.34932505733,1716.35417053609,"0",8248.30919352512,8362.64506477654
2022-12-29 13:00:00,5,278.516666666667,780,57,0,1.54333333333333,3.43,NA,8205.08473359537,2022-12-29 14:00:00,0,13,4,363,14,4,363,5563.53784795722,67764.7475831269,8669.5503799751,3461.02442826074,1694.86928951189,"0",8135.10578072433,8214.16730456916
2022-12-29 14:00:00,6,278.583333333333,480,57.3333333333333,0,1.54333333333333,3.25666666666667,NA,8161.20300657789,2022-12-29 15:00:00,0,14,4,363,15,4,363,5675.19005578585,66671.5290525166,8645.35605362551,3442.37330476237,1711.98090058848,"0",8103.4510873024,8177.11144553845
2022-12-29 15:00:00,7,278.116666666667,160,60,0,1.71666666666667,3.25666666666667,NA,8271.67499949855,2022-12-29 16:00:00,0,15,4,363,16,4,363,5799.98215284506,66767.1711241158,8701.16899299291,3514.22654144928,1759.31995057064,"0",8189.17306536112,8294.3976737268
2022-12-29 16:00:00,8,277.483333333333,10,62.3333333333333,0,1.37,3.25666666666667,NA,8430.0823031864,2022-12-29 17:00:00,0,16,4,363,17,4,363,5868.51402289407,67824.0951116356,8641.93605710769,3520.85959045962,1803.55438186722,"0",8334.85258935389,8457.54336077631
2022-12-29 17:00:00,9,276.616666666667,0,65,0,1.19666666666667,2.91666666666667,NA,8406.69833254367,2022-12-29 18:00:00,0,17,4,363,18,4,363,5861.47786878926,68039.5570752228,8537.73091732028,3508.93318456005,1831.76948023633,"0",8358.76209458881,8430.06286416572
2022-12-29 18:00:00,10,276.15,0,70,0,1.37,3.09,NA,8195.05938277979,2022-12-29 19:00:00,0,18,4,363,19,4,363,5800.55438945477,67058.6237703288,8427.00285866345,3464.80993137985,1816.89743250073,"0",8163.53092432812,8190.6624971538
2022-12-29 19:00:00,11,275.983333333333,0,71,0,1.37,3.09,NA,7812.26641123447,2022-12-29 20:00:00,0,19,4,363,20,4,363,5647.1965339957,64420.5116117891,8139.36153577125,3354.63455018288,1737.52299628028,"0",7765.52979035273,7827.96011647907
2022-12-29 20:00:00,12,275.75,0,71,0,1.37,2.91666666666667,NA,7465.45980609716,2022-12-29 21:00:00,0,20,4,363,21,4,363,5435.78731483111,61090.5578668185,7683.95469377755,3194.41779664731,1619.36918809854,"0",7402.08981954611,7480.98780718119
2022-12-29 21:00:00,13,275.55,0,70.6666666666667,0,1.2,2.74333333333333,NA,7094.35801144663,2022-12-29 22:00:00,0,21,4,363,22,4,363,5165.51525486916,57903.3357039147,7223.3836672324,3023.88814008888,1504.67513186938,"0",7048.18309643808,7114.97661241934
2022-12-29 22:00:00,14,275.45,0,72.6666666666667,0,1.02666666666667,2.74333333333333,NA,6699.89884248513,2022-12-29 23:00:00,0,22,4,363,23,4,363,4897.82285378151,54280.4046196464,6850.22588615937,2865.983411894,1404.47155758842,"0",6671.90454438013,6700.6552507872
2022-12-29 23:00:00,15,275.283333333333,0,75.3333333333333,0,1.02666666666667,2.91666666666667,NA,NA,2022-12-30 00:00:00,0,23,4,363,0,5,364,4616.50943327952,51161.7677150011,6824.66639426741,2727.6806027548,1322.75761605802,"0",NA,NA
2022-12-30 00:00:00,16,275.25,0,74.6666666666667,0,1.19666666666667,2.74333333333333,NA,6030.73872314766,2022-12-30 01:00:00,0,0,5,364,1,5,364,4354.21126186934,49190.0026189286,6900.30446712527,2638.95565210217,1275.3016340813,"0",6020.05278719154,6034.86550135067
2022-12-30 01:00:00,17,275.25,0,78.6666666666667,0,1.02666666666667,3.09,NA,5810.33197004673,2022-12-30 02:00:00,0,1,5,364,2,5,364,4138.08892707209,48196.1223402708,6849.34104583708,2617.17197041603,1251.91951755034,"0",5786.72555821076,5799.92627544177
2022-12-30 02:00:00,18,275.216666666667,0,81,0,1.37,3.26,NA,5738.77088878866,2022-12-30 03:00:00,0,2,5,364,3,5,364,4071.61073134654,48088.9359732554,6822.12845688619,2638.82459821737,1250.03896299702,"0",5708.42529380208,5787.11658763136
2022-12-30 03:00:00,19,275.316666666667,0,82,0,1.54333333333333,3.26,NA,5881.76544266693,2022-12-30 04:00:00,0,3,5,364,4,5,364,4114.55015967701,48845.6352935954,6994.48977016541,2728.94881876994,1290.78124985341,"0",5845.44367663398,5958.45199414703
2022-12-30 04:00:00,20,275.35,0,74.5,0,1.54333333333333,3.43333333333333,NA,6407.76347994684,2022-12-30 05:00:00,0,4,5,364,5,5,364,4433.52378635702,52148.3096272572,7280.95425041454,2899.77444113807,1419.87730536206,"0",6403.45149126009,6458.79946651287
2022-12-30 05:00:00,21,275.45,0,86.5,0,1.37,3.26,NA,7207.48426705052,2022-12-30 06:00:00,0,5,5,364,6,5,364,4882.42717316072,57031.9546494731,7851.07928950548,3155.54579529354,1621.40539882432,"0",7270.65850646024,7203.33097101624
2022-12-30 06:00:00,22,275.616666666667,0,56,0,1.37,3.09,NA,7948.11615433704,2022-12-30 07:00:00,0,6,5,364,7,5,364,5313.40421202236,62187.4117690277,8334.97696914344,3334.68800681715,1769.48971966724,"0",8080.85314948839,8009.45382480078
2022-12-30 07:00:00,23,275.85,0,87.3333333333333,0,1.2,3.09,NA,8305.51124756401,2022-12-30 08:00:00,0,7,5,364,8,5,364,5409.19070268776,65576.9659827915,8558.26349324015,3455.81855689172,1804.90920184975,"0",8403.30877079236,8328.32534092217
2022-12-30 08:00:00,24,276.25,90,87.3333333333333,0,1.2,2.91666666666667,NA,8343.75966418766,2022-12-30 09:00:00,0,8,5,364,9,5,364,5391.14369516517,66858.3741032617,8664.6376641532,3528.79300221814,1776.62329889437,"0",8457.95505816574,8316.61001395181
2022-12-30 09:00:00,1,276.55,260,77.6666666666667,0,0.856666666666667,2.57333333333333,NA,8357.42188193084,2022-12-30 10:00:00,0,9,5,364,10,5,364,5338.41933649984,67807.924293024,8684.91072023226,3533.52321097546,1758.11575368276,"0",8475.65854889735,8377.56898316249
2022-12-30 10:00:00,2,277.483333333333,430,73.6666666666667,0,0.853333333333333,2.74333333333333,NA,8340.75485675289,2022-12-30 11:00:00,0,10,5,364,11,5,364,5394.21482752021,68292.584281985,8710.498557179,3582.09118629402,1761.38380592456,"0",8471.95868024151,8357.72464138926
2022-12-30 11:00:00,3,278.816666666667,550,66.6666666666667,0,1.2,2.57333333333333,NA,8234.76839761956,2022-12-30 12:00:00,0,11,5,364,12,5,364,5433.38990804274,68171.6332082022,8715.74751685811,3562.16373016739,1749.66694164361,"0",8402.61831072844,8266.41698274474
2022-12-30 12:00:00,4,279.483333333333,600,54.6666666666667,0,1.37,2.74333333333333,NA,8125.17390952893,2022-12-30 13:00:00,0,12,5,364,13,5,364,5467.46660707724,67181.9122852318,8666.64041265891,3521.75443439267,1715.47928909824,"0",8342.84096706771,8166.66720045326
2022-12-30 13:00:00,5,279.916666666667,530,51.6666666666667,0,1.54333333333333,2.91333333333333,NA,7982.99097526308,2022-12-30 14:00:00,0,13,5,364,14,5,364,5471.45328283724,65514.3484796025,8558.88021057171,3480.80556104859,1690.44375383044,"0",8205.08473359537,8018.97558975523
2022-12-30 14:00:00,6,279.75,340,49.3333333333333,0,1.37333333333333,3.43333333333333,NA,7962.53862947733,2022-12-30 15:00:00,0,14,5,364,15,5,364,5607.58428208056,64560.1169082,8553.28505153202,3458.79882317898,1705.34312939546,"0",8161.20300657789,7996.07092233699
2022-12-30 15:00:00,7,279.116666666667,110,52.6666666666667,0,1.54333333333333,3.43333333333333,NA,8107.53756437416,2022-12-30 16:00:00,0,15,5,364,16,5,364,5758.66423601728,65001.5847156504,8589.54887708165,3522.73622063022,1752.47494634113,"0",8271.67499949855,8150.73227998847
2022-12-30 16:00:00,8,278.416666666667,10,54.3333333333333,0,1.54333333333333,3.25666666666667,NA,8250.98882725365,2022-12-30 17:00:00,0,16,5,364,17,5,364,5810.14303268256,66037.7846681045,8496.48773822571,3515.15699474109,1791.36045210199,"0",8430.0823031864,8295.64363936479
2022-12-30 17:00:00,9,277.85,0,61,0,1.54333333333333,3.43,NA,8194.79161553726,2022-12-30 18:00:00,0,17,5,364,18,5,364,5752.2023379169,66026.5300563941,8360.19287365466,3484.90993679395,1810.39911614401,"0",8406.69833254367,8225.30772856749
2022-12-30 18:00:00,10,277.45,0,66,0,1.71666666666667,3.43,NA,7933.17459522996,2022-12-30 19:00:00,0,18,5,364,19,5,364,5645.77722211355,64643.894194324,8192.17440096493,3422.06891601627,1783.87052679682,"0",8195.05938277979,7961.64366500646
2022-12-30 19:00:00,11,277.25,0,66,0,1.54333333333333,3.25666666666667,NA,7527.43930942586,2022-12-30 20:00:00,0,19,5,364,20,5,364,5487.18198801306,61815.8004117684,7896.75357959824,3299.79931736197,1697.40276573108,"0",7812.26641123447,7555.68895497024
2022-12-30 20:00:00,12,277.016666666667,0,69.6666666666667,0,1.71666666666667,3.26,NA,7201.54131466656,2022-12-30 21:00:00,0,20,5,364,21,5,364,5297.69564016788,58501.3158993845,7458.15948840652,3133.65628846373,1580.89023595001,"0",7465.45980609716,7223.40962893621
2022-12-30 21:00:00,13,276.85,0,75.6666666666667,0,1.37,2.91666666666667,NA,6860.018616854,2022-12-30 22:00:00,0,21,5,364,22,5,364,5051.31287958,55646.4015652638,6963.4686173063,2959.80101755087,1470.64347999484,"0",7094.35801144663,6883.54739449242
2022-12-30 22:00:00,14,276.816666666667,0,77.3333333333333,0,1.2,2.91666666666667,NA,6485.39561606427,2022-12-30 23:00:00,0,22,5,364,23,5,364,4794.83679031585,52340.6844697476,6558.4769155105,2799.39550225421,1371.31805323779,"0",6699.89884248513,6501.85131373767
2022-12-30 23:00:00,15,276.75,0,79.6666666666667,0,1.2,2.91666666666667,NA,NA,2022-12-31 00:00:00,0,23,5,364,0,6,365,4522.12175423348,49258.1980658913,6269.45100613919,2661.36013365223,1289.52139914266,"0",NA,NA
2022-12-31 00:00:00,16,276.716666666667,0,83,0,1.19666666666667,2.57333333333333,NA,5734.75586861176,2022-12-31 01:00:00,0,0,6,365,1,6,365,4281.17688283261,47240.7523419145,6141.65147635872,2575.33217173983,1242.7023284765,"0",6030.73872314766,5756.71283869504
2022-12-31 01:00:00,17,276.816666666667,0,84,0,1.19666666666667,2.74333333333333,NA,5525.04285227394,2022-12-31 02:00:00,0,1,6,365,2,6,365,4085.08173817721,46326.8282279023,6110.62434100388,2552.86435398202,1221.74752486401,"0",5810.33197004673,5541.56937574643
2022-12-31 02:00:00,18,276.883333333333,0,81,0,1.19666666666667,2.57,NA,5424.06383213852,2022-12-31 03:00:00,0,2,6,365,3,6,365,4011.77780227238,46078.1394879887,6144.6164374614,2554.72890962982,1218.45531733782,"0",5738.77088878866,5455.97020766994
2022-12-31 03:00:00,19,276.916666666667,0,78.5,0,1.19666666666667,2.91666666666667,NA,5479.97447566618,2022-12-31 04:00:00,0,3,6,365,4,6,365,4016.39893049612,45917.7238261964,6261.26011676982,2595.34009110674,1236.36290928457,"0",5881.76544266693,5504.83585562479
2022-12-31 04:00:00,20,277.016666666667,0,80.5,0.1,1.19666666666667,3.26,NA,5774.65201532091,2022-12-31 05:00:00,0,4,6,365,5,6,365,4185.77489887609,46642.3056798675,6392.03954905189,2693.28598589494,1305.6430863374,"0",6407.76347994684,5770.20707763236
2022-12-31 05:00:00,21,277.183333333333,0,89.5,0.0666666666666667,1.19666666666667,3.08666666666667,NA,6173.75808071144,2022-12-31 06:00:00,0,5,6,365,6,6,365,4381.1930556604,47350.4380260253,6640.52507794588,2878.44008851776,1440.30535899966,"0",7207.48426705052,6151.6751258548
2022-12-31 06:00:00,22,277.35,0,57,0.1,1.19666666666667,3.26,NA,6658.54453187182,2022-12-31 07:00:00,0,6,6,365,7,6,365,4693.44895294424,49496.2377180749,6985.65913569299,3021.7702233942,1566.41158161161,"0",7948.11615433704,6685.73205426132
2022-12-31 07:00:00,23,277.516666666667,0,90.6666666666667,0,1.19666666666667,3.08666666666667,NA,7065.75677320133,2022-12-31 08:00:00,0,7,6,365,8,6,365,4922.6709349019,52543.8596344525,7294.7242899801,3152.19851275831,1629.55403148413,"0",8305.51124756401,7056.7732066629
2022-12-31 08:00:00,24,278.183333333333,60,88.3333333333333,0,1.37,3.43333333333333,NA,7272.77378572692,2022-12-31 09:00:00,0,8,6,365,9,6,365,5071.02037647771,54985.3987847208,7576.47347989145,3262.83237786094,1640.63286910588,"0",8343.75966418766,7250.60801937402
2022-12-31 09:00:00,1,278.916666666667,230,86.3333333333333,0,1.37,3.08666666666667,NA,7427.16641018525,2022-12-31 10:00:00,0,9,6,365,10,6,365,5128.89625940051,57013.5912234083,7803.63510774948,3304.15833291754,1643.16558945642,"0",8357.42188193084,7455.95658269264
2022-12-31 10:00:00,2,280.05,450,83.6666666666667,0,1.2,2.91666666666667,NA,7462.36699669744,2022-12-31 11:00:00,0,10,6,365,11,6,365,5201.44218462868,58212.1429877835,7896.37142188878,3365.43709378199,1648.70905982521,"0",8340.75485675289,7500.94835419902
2022-12-31 11:00:00,3,281.516666666667,570,81.6666666666667,0,1.2,3.09,NA,7348.72195343596,2022-12-31 12:00:00,0,11,6,365,12,6,365,5189.83710330028,58333.5377312436,7832.63588294265,3331.45824394128,1627.84342517359,"0",8234.76839761956,7389.57549467607
2022-12-31 12:00:00,4,282.383333333333,620,76.3333333333333,0,1.37,3.09,NA,7195.3876972924,2022-12-31 13:00:00,0,12,6,365,13,6,365,5139.21619122487,57321.1507665198,7763.7243915856,3268.13840340188,1576.88289028662,"0",8125.17390952893,7233.18248779188
2022-12-31 13:00:00,5,282.883333333333,530,73.6666666666667,0,1.37,3.09,NA,7037.04164410318,2022-12-31 14:00:00,0,13,6,365,14,6,365,5088.73032425408,55863.9493799794,7674.525165129,3206.50278481262,1532.2767327917,"0",7982.99097526308,7064.08442875531
2022-12-31 14:00:00,6,282.916666666667,340,71,0,1.37,3.26,NA,6993.86584981449,2022-12-31 15:00:00,0,14,6,365,15,6,365,5144.87858936825,55203.9389046376,7626.26497297569,3174.01408955153,1533.50133883364,"0",7962.53862947733,7016.5169208659
2022-12-31 15:00:00,7,282.683333333333,130,68.3333333333333,0,1.37,3.09,NA,7155.69296943686,2022-12-31 16:00:00,0,15,6,365,16,6,365,5292.89500654467,56096.9784593213,7648.08270646652,3235.07190435472,1580.53429066353,"0",8107.53756437416,7182.31164628743
2022-12-31 16:00:00,8,281.983333333333,10,67,0,1.19666666666667,2.74666666666667,NA,7352.14285592141,2022-12-31 17:00:00,0,16,6,365,17,6,365,5387.53616527666,57801.6819396282,7590.13753427343,3230.93243085632,1630.10415956108,"0",8250.98882725365,7384.35336490036
2022-12-31 17:00:00,9,281.216666666667,0,63.3333333333333,0,1.19666666666667,2.91666666666667,NA,7349.7183110547,2022-12-31 18:00:00,0,17,6,365,18,6,365,5380.614611357,58543.8591212587,7542.00744101128,3210.59755371269,1658.30001082041,"0",8194.79161553726,7368.18359623573
2022-12-31 18:00:00,10,280.55,0,62.6666666666667,0,1.37,3.09,NA,7115.31645070514,2022-12-31 19:00:00,0,18,6,365,19,6,365,5296.34625903021,57640.4599026696,7395.15745614658,3165.17662743086,1640.50370631418,"0",7933.17459522996,7126.09739225712
2022-12-31 19:00:00,11,280.15,0,62.6666666666667,0,1.37,3.09,NA,6763.27087279564,2022-12-31 20:00:00,0,19,6,365,20,6,365,5153.16046018988,55421.6326781357,7194.09912114468,3066.75027834198,1567.75629301488,"0",7527.43930942586,6769.17593665939
2022-12-31 20:00:00,12,279.85,0,57.6666666666667,0,1.37,3.26,NA,6493.35010382944,2022-12-31 21:00:00,0,20,6,365,21,6,365,4953.49470831918,52893.5750372184,6895.19555751573,2925.77179300644,1466.80639329255,"0",7201.54131466656,6498.00104967043
2022-12-31 21:00:00,13,279.45,0,54,0,1.37,2.74333333333333,NA,6214.55463435581,2022-12-31 22:00:00,0,21,6,365,22,6,365,4693.55080824559,50967.2690219217,6579.87053011202,2774.70630535631,1367.46814931491,"0",6860.018616854,6242.53569940022
2022-12-31 22:00:00,14,279.216666666667,0,53.6666666666667,0,1.02666666666667,2.74333333333333,NA,5896.01663344245,2022-12-31 23:00:00,0,22,6,365,23,6,365,4398.11929383738,48642.1947110913,6274.34992599867,2631.86800516236,1273.11193973808,"0",6485.39561606427,5915.85229334222
2022-12-31 23:00:00,15,278.783333333333,0,48,0,1.37,3.08666666666667,NA,NA,2023-01-01 00:00:00,0,23,6,365,0,7,1,4134.07846566723,45976.5289051167,6011.7126105897,2508.01121342338,1193.10423562764,"0",NA,NA
