"DateTime","horizon","TTT","Rad1h","Neff","RR1c","FF","FX1","HU_Load_DayAhead","HU_Load_Actual","DateTimeCET","SummerTime","HoD","DoW","DoY","HoDDST","DoWDST","DoYDST","AT_Load_Actual","DE_Load_Actual","CZ_Load_Actual","SK_Load_Actual","SI_Load_Actual","is_holiday","x_lag_24","x_lag_168"
2022-12-21 09:00:00,1,273.783333333333,340,84.3333333333333,0,2.23,5.31333333333333,NA,5243.21712654888,2022-12-21 10:00:00,0,9,3,355,10,3,355,8453.16723304405,66738.7053744435,8792.38304834068,3502.34388206947,1787.44717408449,"0",5185.32922513254,5294.00400860954
2022-12-21 10:00:00,2,274.283333333333,470,86.3333333333333,0,2.23,4.97333333333333,NA,5322.13758606938,2022-12-21 11:00:00,0,10,3,355,11,3,355,8480.695365709,67183.0007417771,8842.31135211322,3548.38894226213,1800.84882247102,"0",5240.62778447115,5358.85504050611
2022-12-21 11:00:00,3,274.65,550,88.6666666666667,0,2.23,4.62666666666667,NA,5409.28266117008,2022-12-21 12:00:00,0,11,3,355,12,3,355,8438.23707604779,67534.3498705739,8894.95277838424,3526.0590813269,1790.98266188512,"0",5311.91821739502,5422.97675546243
2022-12-21 12:00:00,4,275.05,540,90,0,2.23,4.28666666666667,NA,5430.40175050266,2022-12-21 13:00:00,0,12,3,355,13,3,355,8306.0578197025,67274.77117433,8887.36251172131,3492.14252597818,1750.17418867587,"0",5322.00523938133,5438.92922621385
2022-12-21 13:00:00,5,275.05,440,92.3333333333333,0,1.88666666666667,4.11333333333333,NA,5434.32234448858,2022-12-21 14:00:00,0,13,3,355,14,3,355,8172.36973591781,66195.4977955384,8752.82261553797,3454.62606557414,1713.3036716818,"0",5319.8706243623,5445.15648394459
2022-12-21 14:00:00,6,274.85,280,92,0,1.88666666666667,3.94333333333333,NA,5551.28102931831,2022-12-21 15:00:00,0,14,3,355,15,3,355,8144.243939404,65591.9622211673,8730.63890800326,3434.14251095439,1715.18068750966,"0",5442.65750709058,5528.93506088411
2022-12-21 15:00:00,7,274.783333333333,90,92.5,0,1.88666666666667,3.60333333333333,NA,5739.71915802832,2022-12-21 16:00:00,0,15,3,355,16,3,355,8232.66863123545,65608.3512898008,8809.85218464574,3516.0387337467,1759.09873767219,"0",5648.91786409707,5728.07171081974
2022-12-21 16:00:00,8,274.783333333333,0,93.5,0,1.88666666666667,3.77666666666667,NA,5812.8528411301,2022-12-21 17:00:00,0,16,3,355,17,3,355,8431.19108820331,66845.5709686731,8768.5004440565,3517.03806396188,1804.77178869685,"0",5741.08430367785,5802.99122741778
2022-12-21 17:00:00,9,274.65,0,95,0,1.88666666666667,3.60333333333333,NA,5793.91453632608,2022-12-21 18:00:00,0,17,3,355,18,3,355,8486.25189619722,67583.7723365061,8643.37023985046,3498.30264650572,1836.71081967672,"0",5724.06118375862,5773.10405209506
2022-12-21 18:00:00,10,274.583333333333,0,63.6666666666667,0,1.88666666666667,3.94666666666667,NA,5732.1181559681,2022-12-21 19:00:00,0,18,3,355,19,3,355,8216.00656913862,66831.6113321625,8526.41163145567,3451.62863936099,1824.46370292423,"0",5670.95205080035,5721.31178063503
2022-12-21 19:00:00,11,274.516666666667,0,96.6666666666667,0,1.88666666666667,3.77333333333333,NA,5589.74302536453,2022-12-21 20:00:00,0,19,3,355,20,3,355,7774.35064550794,63863.9383819977,8247.93094415638,3333.31930460254,1743.44954782498,"0",5528.40855416387,5564.76901544616
2022-12-21 20:00:00,12,274.45,0,95.6666666666667,0,1.71333333333333,3.60333333333333,NA,5263.74710715545,2022-12-21 21:00:00,0,20,3,355,21,3,355,7286.82975152772,60053.4253683966,7784.53740861174,3157.53018885595,1616.23251573724,"0",5217.38663045994,5229.49884699968
2022-12-21 21:00:00,13,274.483333333333,0,94,0,1.71333333333333,3.60333333333333,NA,5018.60340581508,2022-12-21 22:00:00,0,21,3,355,22,3,355,7016.13149367434,57197.9626256363,7287.24251397065,2975.77457878486,1497.1913408692,"0",4983.09486675754,4991.56895369624
2022-12-21 22:00:00,14,274.45,0,96,0,1.54,3.43,NA,4721.49995371538,2022-12-21 23:00:00,0,22,3,355,23,3,355,6660.53931352036,53910.3857116269,6882.16658715075,2814.35367255396,1400.13203149915,"0",4681.60744091727,4691.11989015812
2022-12-21 23:00:00,15,274.35,0,65,0,1.37,3.25666666666667,NA,4721.49995371538,2022-12-22 00:00:00,0,23,3,355,0,4,356,6250.21371305343,51152.0097194426,6907.27561139542,2679.27328692969,1317.66614920627,"0",NA,NA
2022-12-22 00:00:00,16,274.15,0,99,0,1.37,3.08666666666667,NA,4179.97254650305,2022-12-22 01:00:00,0,0,4,356,1,4,356,5957.12701013421,48821.6265022008,7007.12537055896,2590.36758144193,1269.29586056493,"0",4067.97741327974,4133.40566654887
2022-12-22 01:00:00,17,274.15,0,98,0,1.2,3.09,NA,4050.01493560881,2022-12-22 02:00:00,0,1,4,356,2,4,356,5840.05667583333,47804.9160011804,6923.13545384563,2566.77081286396,1241.73365021178,"0",3930.42605633066,4016.45787844168
2022-12-22 02:00:00,18,274.25,0,100,0,1.2,3.43,NA,3999.91170401522,2022-12-22 03:00:00,0,2,4,356,3,4,356,5765.24313107199,47824.7887527935,6910.90932033017,2578.47996910637,1235.15883952241,"0",3882.53991520803,3980.11219069068
2022-12-22 03:00:00,19,274.15,0,50,0,1.2,3.26,NA,4030.31639844206,2022-12-22 04:00:00,0,3,4,356,4,4,356,5843.93171976168,48690.1820936895,7050.32616242464,2671.06306156439,1271.90316946144,"0",3935.88721798638,4009.87693985603
2022-12-22 04:00:00,20,274.183333333333,0,99,0,1.2,2.91666666666667,NA,4231.86184212101,2022-12-22 05:00:00,0,4,4,356,5,4,356,6260.87245975577,52027.4297156242,7335.96631200827,2860.225331455,1414.9449175049,"0",4136.55951873688,4193.06249079779
2022-12-22 05:00:00,21,274.183333333333,0,65.3333333333333,0,1.03,2.91666666666667,NA,4752.88328394202,2022-12-22 06:00:00,0,5,4,356,6,4,356,7123.03504261459,57801.5582478839,7922.87669438278,3151.47320760183,1642.9664970844,"0",4680.72323069351,4741.83540845811
2022-12-22 06:00:00,22,274.05,0,100,0,1.03,2.91666666666667,NA,5144.55648333533,2022-12-22 07:00:00,0,6,4,356,7,4,356,8011.75881995177,63602.3165640082,8392.64221953119,3342.33932708186,1799.23392660654,"0",5060.98720188956,5135.98173500053
2022-12-22 07:00:00,23,274.516666666667,0,50,0,1.03,2.91666666666667,NA,5326.56348103149,2022-12-22 08:00:00,0,7,4,356,8,4,356,8452.84760951098,66882.2635704154,8604.8057697147,3461.64045499887,1829.46687435298,"0",5252.73103681826,5324.21566700227
2022-12-22 08:00:00,24,274.85,40,99,0,1.03,2.74333333333333,NA,5411.9715115524,2022-12-22 09:00:00,0,8,4,356,9,4,356,8571.91511593001,67717.5615246126,8731.3532584451,3520.57969219746,1797.0707748651,"0",5313.81910349912,5381.68431169215
2022-12-22 09:00:00,1,274.816666666667,120,99,0,1.37,3.77333333333333,NA,5338.83979455445,2022-12-22 10:00:00,0,9,4,356,10,4,356,8601.53004080474,68521.4068331399,8729.21563525229,3500.89763018434,1777.89121826096,"0",5243.21712654888,5318.1009553078
2022-12-22 10:00:00,2,275.016666666667,240,99.3333333333333,0,1.54333333333333,3.77333333333333,NA,5414.92200394443,2022-12-22 11:00:00,0,10,4,356,11,4,356,8608.34866111634,69178.2963273282,8771.60254790617,3545.94013137505,1776.23790787728,"0",5322.13758606938,5385.4126998407
2022-12-22 11:00:00,3,275.216666666667,340,99,0,1.71333333333333,3.60333333333333,NA,5492.89172882099,2022-12-22 12:00:00,0,11,4,356,12,4,356,8542.37497041217,69629.2704742818,8795.03023271457,3518.73452119062,1758.18604320252,"0",5409.28266117008,5455.16107856483
2022-12-22 12:00:00,4,275.316666666667,360,98.6666666666667,0,1.54,3.6,NA,5499.68549758691,2022-12-22 13:00:00,0,12,4,356,13,4,356,8393.37272795209,69247.3984814735,8767.47009324442,3477.43334690998,1721.44921722899,"0",5430.40175050266,5465.41035903136
2022-12-22 13:00:00,5,275.316666666667,330,99,0,1.54,3.6,NA,5494.97772442885,2022-12-22 14:00:00,0,13,4,356,14,4,356,8252.03471050403,67655.1547687573,8652.36586206365,3436.88973388167,1700.26239284924,"0",5434.32234448858,5468.17302057325
2022-12-22 14:00:00,6,275.216666666667,230,99.3333333333333,0.0666666666666667,1.88666666666667,3.6,NA,5604.21514473617,2022-12-22 15:00:00,0,14,4,356,15,4,356,8218.81183610451,66541.538997728,8630.85900753646,3417.25211191987,1718.15186691292,"0",5551.28102931831,5571.42440751741
2022-12-22 15:00:00,7,275.283333333333,80,99.5,0.0333333333333333,1.88666666666667,3.43,NA,5776.22578480239,2022-12-22 16:00:00,0,15,4,356,16,4,356,8296.02551435833,66676.8765287956,8699.86626727763,3498.92453567524,1767.77934829067,"0",5739.71915802832,5748.87264933158
2022-12-22 16:00:00,8,275.183333333333,0,100,0,1.71333333333333,3.43,NA,5836.61522197411,2022-12-22 17:00:00,0,16,4,356,17,4,356,8501.10883733979,67880.2067001457,8631.86228413413,3504.27871481367,1810.61881731297,"0",5812.8528411301,5803.12617126777
2022-12-22 17:00:00,9,275.183333333333,0,100,0.0333333333333333,1.71333333333333,3.77333333333333,NA,5816.6096073811,2022-12-22 18:00:00,0,17,4,356,18,4,356,8581.07878617651,68097.1631948627,8513.1973912713,3489.96661787632,1838.59868695352,"0",5793.91453632608,5779.9407493418
2022-12-22 18:00:00,10,275.35,0,100,0.1,1.88666666666667,4.11666666666667,NA,5764.94384058988,2022-12-22 19:00:00,0,18,4,356,19,4,356,8318.22511617798,67073.9855302902,8400.00819348183,3447.80684921044,1825.48528595714,"0",5732.1181559681,5727.29821268142
2022-12-22 19:00:00,11,275.55,0,100,0.0333333333333333,1.71333333333333,4.28666666666667,NA,5614.36936711942,2022-12-22 20:00:00,0,19,4,356,20,4,356,7877.05157434218,64393.9379691289,8108.89940647314,3337.80280253784,1745.76390967561,"0",5589.74302536453,5569.18357875667
2022-12-22 20:00:00,12,275.65,0,100,0.0333333333333333,1.88666666666667,3.77333333333333,NA,5290.80537142097,2022-12-22 21:00:00,0,20,4,356,21,4,356,7379.95829591029,61004.4703693998,7640.37405538479,3171.89939871094,1624.3918972983,"0",5263.74710715545,5232.32544110048
2022-12-22 21:00:00,13,275.95,0,100,0.133333333333333,1.71333333333333,3.77333333333333,NA,5050.09523329408,2022-12-22 22:00:00,0,21,4,356,22,4,356,7099.80589120763,57930.1364873717,7180.45345438013,2998.67971894225,1508.0817139119,"0",5018.60340581508,4995.91758908166
2022-12-22 22:00:00,14,275.883333333333,0,66.3333333333333,0.166666666666667,2.06,3.94666666666667,NA,4739.37206471813,2022-12-22 23:00:00,0,22,4,356,23,4,356,6728.89930991643,54217.3530375125,6796.16379632582,2841.52051741378,1407.53391957809,"0",4721.49995371538,4694.58312972348
2022-12-22 23:00:00,15,275.983333333333,0,99,0.0333333333333333,2.06,3.94666666666667,NA,4739.37206471813,2022-12-23 00:00:00,0,23,4,356,0,5,357,6304.22359618704,51092.2656335862,6785.13766974851,2702.35960443141,1326.41114867537,"0",NA,NA
2022-12-23 00:00:00,16,275.883333333333,0,96,0,2.06,3.94666666666667,NA,4238.34211249071,2022-12-23 01:00:00,0,0,5,357,1,5,357,5991.94594190599,49166.9151387688,6886.03587426423,2611.96787749882,1279.19920997742,"0",4179.97254650305,4186.61703425564
2022-12-23 01:00:00,17,275.95,0,94.6666666666667,0,1.71333333333333,4.11666666666667,NA,4113.03204785092,2022-12-23 02:00:00,0,1,5,357,2,5,357,5866.96249591613,48185.9528359262,6829.83057970055,2588.82558956933,1255.88334354498,"0",4050.01493560881,4067.62452794126
2022-12-23 02:00:00,18,275.85,0,92.6666666666667,0,1.88666666666667,3.94666666666667,NA,4059.56403184963,2022-12-23 03:00:00,0,2,5,357,3,5,357,5792.17474097611,48063.7384049918,6795.47230614368,2603.07405351687,1255.29856633945,"0",3999.91170401522,4013.06490609956
2022-12-23 03:00:00,19,275.616666666667,0,91.3333333333333,0,1.88666666666667,3.94666666666667,NA,4093.85887664874,2022-12-23 04:00:00,0,3,5,357,4,5,357,5848.84318127437,48796.8655691597,6972.18554348652,2693.69112304914,1295.053867761,"0",4030.31639844206,4052.76398360827
2022-12-23 04:00:00,20,275.483333333333,0,89,0,1.88666666666667,4.11666666666667,NA,4257.09667412958,2022-12-23 05:00:00,0,4,5,357,5,5,357,6213.72051295827,52125.9976941387,7244.50960379146,2868.7707336939,1426.39412709564,"0",4231.86184212101,4211.99330694735
2022-12-23 05:00:00,21,275.483333333333,0,86.3333333333333,0,2.05666666666667,4.46,NA,4742.65067545352,2022-12-23 06:00:00,0,5,5,357,6,5,357,6976.22429201537,57167.4660605952,7842.19719810705,3140.63873644496,1638.86354863695,"0",4752.88328394202,4673.11188350724
2022-12-23 06:00:00,22,275.45,0,89.6666666666667,0,2.05666666666667,4.46,NA,5117.37456426038,2022-12-23 07:00:00,0,6,5,357,7,5,357,7788.27682299368,62382.8373549672,8336.18283669962,3323.05967811039,1791.39488169731,"0",5144.55648333533,5054.50962746467
2022-12-23 07:00:00,23,275.816666666667,10,89.6666666666667,0,2.05666666666667,4.28666666666667,NA,5313.53288983327,2022-12-23 08:00:00,0,7,5,357,8,5,357,8229.09198063392,65835.5528587734,8559.03468083957,3445.61802977575,1823.74550118791,"0",5326.56348103149,5255.45272482394
2022-12-23 08:00:00,24,276.15,120,89.3333333333333,0,2.40333333333333,4.63333333333333,NA,5392.18890187464,2022-12-23 09:00:00,0,8,5,357,9,5,357,8400.68821792596,66939.0106183502,8669.65805058227,3516.75853275505,1793.91938461367,"0",5411.9715115524,5343.79199117624
2022-12-23 09:00:00,1,277.916666666667,320,91,0,2.57,5.48666666666667,NA,5341.83384117236,2022-12-23 10:00:00,0,9,5,357,10,5,357,8441.67448177123,67958.7351097755,8678.06167169641,3512.01098026355,1774.52773116141,"0",5338.83979455445,5334.59622249257
2022-12-23 10:00:00,2,278.483333333333,520,91.3333333333333,0,2.91666666666667,5.31666666666667,NA,5409.506768447,2022-12-23 11:00:00,0,10,5,357,11,5,357,8435.28171842479,68383.7912452279,8692.68194731306,3563.98050734148,1777.84174635544,"0",5414.92200394443,5404.59825045706
2022-12-23 11:00:00,3,279.083333333333,640,90.6666666666667,0,3.09,5.48666666666667,NA,5476.97151411339,2022-12-23 12:00:00,0,11,5,357,12,5,357,8343.26155680979,68265.3643680526,8691.60992363243,3542.3922143445,1765.69749539972,"0",5492.89172882099,5474.90220120975
2022-12-23 12:00:00,4,279.516666666667,650,90,0,3.09,5.66,NA,5474.27092151418,2022-12-23 13:00:00,0,12,5,357,13,5,357,8173.44606010984,67223.8940633379,8648.29323715696,3500.10019917237,1730.92833641717,"0",5499.68549758691,5475.02994598651
2022-12-23 13:00:00,5,279.616666666667,580,88.3333333333333,0,2.91666666666667,5.48666666666667,NA,5469.52642858302,2022-12-23 14:00:00,0,13,5,357,14,5,357,8019.73869910964,65514.8123997082,8526.43709947476,3457.08816964754,1705.60473857455,"0",5494.97772442885,5472.24163112054
2022-12-23 14:00:00,6,279.483333333333,400,87.3333333333333,0,2.91666666666667,5.48666666666667,NA,5590.00784293664,2022-12-23 15:00:00,0,14,5,357,15,5,357,7991.41656778185,64541.9170302716,8524.10226671117,3435.1602419652,1722.73881734297,"0",5604.21514473617,5587.67320707625
2022-12-23 15:00:00,7,279.283333333333,140,86.3333333333333,0,2.57333333333333,4.97333333333333,NA,5771.94988406655,2022-12-23 16:00:00,0,15,5,357,16,5,357,8100.21945097613,65033.6613710951,8573.56755543181,3508.04154197244,1772.0479317586,"0",5776.22578480239,5767.64708272965
2022-12-23 16:00:00,8,278.983333333333,0,86.6666666666667,0,2.4,4.97,NA,5827.982085136,2022-12-23 17:00:00,0,16,5,357,17,5,357,8333.94055778454,66181.2253839109,8470.60689620308,3497.47066758626,1810.37200084619,"0",5836.61522197411,5815.17312746212
2022-12-23 17:00:00,9,278.583333333333,0,85.3333333333333,0,2.4,4.46,NA,5798.99672943377,2022-12-23 18:00:00,0,17,5,357,18,5,357,8416.87335305367,66116.9124808317,8322.62330039449,3465.31930155539,1828.21234354649,"0",5816.6096073811,5771.14119149557
2022-12-23 18:00:00,10,278.316666666667,0,86,0,2.57333333333333,4.63,NA,5726.74124719159,2022-12-23 19:00:00,0,18,5,357,19,5,357,8123.93006958995,64731.4227507576,8153.79971730501,3401.97912917091,1802.13366422333,"0",5764.94384058988,5696.14669925799
2022-12-23 19:00:00,11,278.15,0,87,0,2.4,4.46,NA,5563.47446870363,2022-12-23 20:00:00,0,19,5,357,20,5,357,7672.3071351057,61804.1363773967,7853.66380107504,3277.16045424345,1715.74661229824,"0",5614.36936711942,5528.65588521066
2022-12-23 20:00:00,12,278.15,0,88,0,2.23,4.11666666666667,NA,5241.06060563259,2022-12-23 21:00:00,0,20,5,357,21,5,357,7189.16569866211,58439.8700365384,7402.14606154668,3105.6487475462,1597.05407983629,"0",5290.80537142097,5190.05317448972
2022-12-23 21:00:00,13,278.083333333333,0,88.6666666666667,0,2.23,4.63,NA,4987.28355107013,2022-12-23 22:00:00,0,21,5,357,22,5,357,6905.31319165118,55710.7518743403,6904.72494389182,2930.33003393141,1487.04129918997,"0",5050.09523329408,4940.39353428618
2022-12-23 22:00:00,14,278.016666666667,0,89.3333333333333,0.0333333333333333,2.23,4.46,NA,4680.73859243947,2022-12-23 23:00:00,0,22,5,357,23,5,357,6527.87690457652,52322.9562219267,6489.88433255646,2772.01728332236,1388.19824360077,"0",4739.37206471813,4632.51909205721
2022-12-23 23:00:00,15,278.116666666667,0,84,0.133333333333333,2.4,4.46,NA,4680.73859243947,2022-12-24 00:00:00,0,23,5,357,0,6,358,6115.96420961454,49261.6977719448,6193.82146218478,2633.19132855782,1306.23360625119,"0",NA,NA
2022-12-24 00:00:00,16,278.25,0,87.5,0.1,2.4,4.29,NA,4082.88151270682,2022-12-24 01:00:00,0,0,6,358,1,6,358,5805.18938212847,47277.2292195912,6073.76156224746,2544.92376206197,1259.23065063182,"0",4238.34211249071,4013.2429869988
2022-12-24 01:00:00,17,278.283333333333,0,87,0.333333333333333,2.4,4.80333333333333,NA,3954.86686649666,2022-12-24 02:00:00,0,1,6,358,2,6,358,5660.44279936918,46377.5531578797,6035.34605058946,2525.24114942503,1237.07549236193,"0",4113.03204785092,3884.9733550993
2022-12-24 02:00:00,18,278.45,0,88.5,0.233333333333333,2.91666666666667,5.14666666666667,NA,3899.19011845579,2022-12-24 03:00:00,0,2,6,358,3,6,358,5564.38809583286,46173.9140491609,6064.70135802679,2526.54871524405,1234.5628185757,"0",4059.56403184963,3818.53418410968
2022-12-24 03:00:00,19,278.683333333333,0,87.5,0.166666666666667,2.91666666666667,5.48666666666667,NA,3897.63939960466,2022-12-24 04:00:00,0,3,6,358,4,6,358,5547.23016044576,45959.986434894,6183.25599797039,2562.42028314748,1250.6728511472,"0",4093.85887664874,3809.60123743888
2022-12-24 04:00:00,20,278.75,0,59,0.233333333333333,3.26,5.66,NA,3939.34158266087,2022-12-24 05:00:00,0,4,6,358,5,6,358,5658.86498423725,46645.221204186,6305.69576972413,2650.87289641162,1315.96546970859,"0",4257.09667412958,3853.63285369538
2022-12-24 05:00:00,21,278.783333333333,0,91.6666666666667,0.2,3.26,5.83,NA,4264.46319409009,2022-12-24 06:00:00,0,5,6,358,6,6,358,6013.91382131087,47339.3764146316,6561.36059415584,2833.68967682058,1450.37146899995,"0",4742.65067545352,4148.10137992536
2022-12-24 06:00:00,22,278.95,0,90.6666666666667,0.333333333333333,3.60333333333333,6,NA,4532.34934608124,2022-12-24 07:00:00,0,6,6,358,7,6,358,6493.11935969722,49424.5097510088,6911.33102856777,2973.0585336583,1578.39586265972,"0",5117.37456426038,4406.40538899949
2022-12-24 07:00:00,23,279.316666666667,0,91,0.0333333333333333,3.43333333333333,6.17333333333333,NA,4738.28205173691,2022-12-24 08:00:00,0,7,6,358,8,6,358,6861.26947402862,52585.4864911707,7223.51519363515,3107.00633257969,1644.69116332452,"0",5313.53288983327,4607.06246463388
2022-12-24 08:00:00,24,279.816666666667,80,90,0.0333333333333333,4.11666666666667,6.69,NA,4882.52524797935,2022-12-24 09:00:00,0,8,6,358,9,6,358,7137.20240954549,54945.048448588,7513.56378839846,3224.9236644079,1655.57407667154,"0",5392.18890187464,4772.2761288512
2022-12-24 09:00:00,1,282.216666666667,230,88.6666666666667,0,4.45666666666667,6.86,NA,4922.46610279659,2022-12-24 10:00:00,0,9,6,358,10,6,358,7297.15144211057,57053.5380726329,7743.90552920898,3265.41826561237,1659.99178070564,"0",5341.83384117236,4784.30830510219
2022-12-24 10:00:00,2,282.85,410,86,0,4.63,7.37333333333333,NA,5011.69567126603,2022-12-24 11:00:00,0,10,6,358,11,6,358,7360.12459435565,58267.6954500937,7833.73182067038,3332.78298775029,1667.315571106,"0",5409.506768447,4891.98177693964
2022-12-24 11:00:00,3,283.383333333333,540,85.3333333333333,0,5.14666666666667,7.54333333333333,NA,5061.74597564969,2022-12-24 12:00:00,0,11,6,358,12,6,358,7290.39985190824,58418.1450892803,7759.47765654295,3295.61968172836,1646.77091164642,"0",5476.97151411339,4942.32941115745
2022-12-24 12:00:00,4,283.716666666667,590,82.6666666666667,0,4.97666666666667,7.89,NA,5030.42718043065,2022-12-24 13:00:00,0,12,6,358,13,6,358,7101.72496419078,57324.7710563219,7696.89739768696,3229.21703551417,1595.6636507629,"0",5474.27092151418,4912.50033342234
2022-12-24 13:00:00,5,283.65,530,80.3333333333333,0,4.80333333333333,7.72,NA,5009.62972078852,2022-12-24 14:00:00,0,13,6,358,14,6,358,6908.33081146641,55828.2164857714,7601.26517146802,3167.26342806086,1549.04909889495,"0",5469.52642858302,4882.18349054867
2022-12-24 14:00:00,6,283.116666666667,380,75.3333333333333,0,4.29,7.71666666666667,NA,5113.81021927425,2022-12-24 15:00:00,0,14,6,358,15,6,358,6889.22732609228,55173.8630384445,7549.03051998564,3133.40601906889,1550.31184972667,"0",5590.00784293664,4982.14961883941
2022-12-24 15:00:00,7,282.45,140,67.6666666666667,0,4.11666666666667,7.03,NA,5298.09840864893,2022-12-24 16:00:00,0,15,6,358,16,6,358,7060.12047578826,56100.5092146813,7580.02031355953,3205.8951642734,1599.71430775271,"0",5771.94988406655,5161.27072509139
2022-12-24 16:00:00,8,281.783333333333,0,63.6666666666667,0,3.77333333333333,7.03333333333333,NA,5365.61544894817,2022-12-24 17:00:00,0,16,6,358,17,6,358,7350.73355798799,57933.82697256,7514.4445862678,3199.24449596701,1648.06261101954,"0",5827.982085136,5231.24966459944
2022-12-24 17:00:00,9,281.05,0,58.6666666666667,0,3.60333333333333,6.34333333333333,NA,5351.97450965781,2022-12-24 18:00:00,0,17,6,358,18,6,358,7454.42504019548,58640.685794894,7464.40619321699,3175.13662862547,1674.22137230544,"0",5798.99672943377,5212.66952221644
2022-12-24 18:00:00,10,280.416666666667,0,54.3333333333333,0,3.26,6.17333333333333,NA,5283.51386857704,2022-12-24 19:00:00,0,18,6,358,19,6,358,7201.7977273362,57679.0944888362,7317.95666519282,3128.59910868606,1656.76284787719,"0",5726.74124719159,5141.86718334719
2022-12-24 19:00:00,11,279.983333333333,0,52.3333333333333,0,3.26,6.00333333333333,NA,5150.48504261924,2022-12-24 20:00:00,0,19,6,358,20,6,358,6846.25055706308,55384.5884555971,7125.43026148321,3029.54747521644,1584.76910026552,"0",5563.47446870363,5012.85839878447
2022-12-24 20:00:00,12,279.483333333333,0,49.6666666666667,0,3.26,5.49,NA,4876.24416695246,2022-12-24 21:00:00,0,20,6,358,21,6,358,6502.13171575202,52769.7747382156,6820.96530016436,2885.87084165743,1482.91808922253,"0",5241.06060563259,4734.3667288505
2022-12-24 21:00:00,13,279.15,0,46.3333333333333,0,3.09,4.97,NA,4680.80430239629,2022-12-24 22:00:00,0,21,6,358,22,6,358,6345.056995156,51013.0064821918,6515.17466448688,2735.92546764605,1384.69867922594,"0",4987.28355107013,4551.77590294067
2022-12-24 22:00:00,14,278.816666666667,0,46,0,2.91666666666667,4.97333333333333,NA,4410.01514692909,2022-12-24 23:00:00,0,22,6,358,23,6,358,6083.18651519972,48608.8289503194,6206.15211280504,2595.29117620172,1290.7619164553,"0",4680.73859243947,4279.64309000293
2022-12-24 23:00:00,15,278.583333333333,0,43.6666666666667,0,2.4,4.62666666666667,NA,4410.01514692909,2022-12-25 00:00:00,0,23,6,358,0,7,359,5758.92861158082,45955.274000385,5938.04154762578,2470.67422374724,1209.98886573601,"0",NA,NA
2022-12-25 00:00:00,16,278.016666666667,0,44.6666666666667,0,2.4,4.45666666666667,NA,3563.92880957619,2022-12-25 01:00:00,0,0,7,359,1,7,359,5489.92159269849,43704.6576371501,5840.60848278618,2389.68471572961,1166.10539059547,"1",4082.88151270682,3832.73058236299
2022-12-25 01:00:00,17,277.816666666667,0,43.6666666666667,0,2.22666666666667,4.11666666666667,NA,3440.41622600276,2022-12-25 02:00:00,0,1,7,359,2,7,359,5347.53734901486,42874.9581490878,5793.93939397537,2370.87308162647,1147.88838303559,"1",3954.86686649666,3702.38707990706
2022-12-25 02:00:00,18,277.45,0,43.6666666666667,0,2.05666666666667,4.11666666666667,NA,3379.44713893302,2022-12-25 03:00:00,0,2,7,359,3,7,359,5256.43399068998,42914.8539282798,5801.42610659673,2369.1187005239,1149.32973901241,"1",3899.19011845579,3641.44988554833
2022-12-25 03:00:00,19,277.15,0,43.6666666666667,0,1.71666666666667,3.94333333333333,NA,3360.95696763903,2022-12-25 04:00:00,0,3,7,359,4,7,359,5255.49727999255,42848.6280339369,5885.67761365487,2405.13449589041,1169.95962692084,"1",3897.63939960466,3623.63013007331
2022-12-25 04:00:00,20,276.816666666667,0,47,0,1.54333333333333,3.77333333333333,NA,3356.87450845709,2022-12-25 05:00:00,0,4,7,359,5,7,359,5340.24535968957,43276.084255704,6048.43044064066,2499.32584698758,1229.88869632437,"1",3939.34158266087,3611.88415042924
2022-12-25 05:00:00,21,276.65,0,50.6666666666667,0,1.71333333333333,3.6,NA,3585.7197682917,2022-12-25 06:00:00,0,5,7,359,6,7,359,5613.53633779692,43755.5200387538,6279.50460913668,2692.40592100474,1343.98111552396,"1",4264.46319409009,3814.40085211561
2022-12-25 06:00:00,22,276.516666666667,0,65.6666666666667,0,1.54,3.43,NA,3795.55834164119,2022-12-25 07:00:00,0,6,7,359,7,7,359,5994.14121654515,45346.5606079708,6627.96268266237,2851.87105404798,1458.13892558761,"1",4532.34934608124,4011.19400568057
2022-12-25 07:00:00,23,276.916666666667,10,68.3333333333333,0,1.37,3.25666666666667,NA,4012.50222764239,2022-12-25 08:00:00,0,7,7,359,8,7,359,6294.58050420614,48139.9088107966,7006.95834694817,3005.63062852883,1532.23481673706,"1",4738.28205173691,4226.79573585102
2022-12-25 08:00:00,24,277.683333333333,130,69,0,1.54333333333333,3.25666666666667,NA,4203.31257253992,2022-12-25 09:00:00,0,8,7,359,9,7,359,6543.00637198658,50450.2961574438,7400.8212643642,3138.37461442038,1559.20930589622,"1",4882.52524797935,4426.99308837959
2022-12-25 09:00:00,1,279.216666666667,450,63.3333333333333,0,1.88333333333333,3.94333333333333,NA,4246.36630274053,2022-12-25 10:00:00,0,9,7,359,10,7,359,6713.26253669322,52635.066735305,7679.27569525236,3179.51515167746,1566.32245200542,"1",4922.46610279659,4455.73408199849
2022-12-25 10:00:00,2,280.25,680,63.6666666666667,0,1.88333333333333,4.11666666666667,NA,4346.10075524737,2022-12-25 11:00:00,0,10,7,359,11,7,359,6794.093293686,54258.3965226556,7768.28951385513,3231.14995690947,1564.35579803006,"1",5011.69567126603,4563.50331839218
2022-12-25 11:00:00,3,281.083333333333,830,65.3333333333333,0,1.88333333333333,3.94333333333333,NA,4387.36302845473,2022-12-25 12:00:00,0,11,7,359,12,7,359,6739.38643802484,55425.9789458848,7650.5474080146,3167.48452190192,1535.61132046951,"1",5061.74597564969,4599.92414954739
2022-12-25 12:00:00,4,281.716666666667,810,66.6666666666667,0,1.88666666666667,3.94333333333333,NA,4353.66873868572,2022-12-25 13:00:00,0,12,7,359,13,7,359,6547.1584547101,54868.1625577501,7538.97996333776,3086.38492556104,1482.16363064275,"1",5030.42718043065,4553.32931227678
2022-12-25 13:00:00,5,281.683333333333,710,66.6666666666667,0,1.88666666666667,3.94666666666667,NA,4331.3237586223,2022-12-25 14:00:00,0,13,7,359,14,7,359,6343.48374637829,53252.6778570817,7464.52389428805,3016.03160749952,1438.72375574014,"1",5009.62972078852,4526.31782253933
2022-12-25 14:00:00,6,281.116666666667,480,66.3333333333333,0,1.88666666666667,4.12,NA,4444.68619260359,2022-12-25 15:00:00,0,14,7,359,15,7,359,6331.58483937997,52165.6545130718,7429.41122500941,2996.18541898709,1440.90689878074,"1",5113.81021927425,4635.52128365727
2022-12-25 15:00:00,7,280.35,160,68.6666666666667,0,1.88333333333333,4.11666666666667,NA,4662.00188268415,2022-12-25 16:00:00,0,15,7,359,16,7,359,6550.58918587819,53055.103502199,7546.59956804286,3092.58801417602,1494.4828480457,"1",5298.09840864893,4856.22663164276
2022-12-25 16:00:00,8,279.55,0,70.3333333333333,0,1.88333333333333,4.46,NA,4770.57138056061,2022-12-25 17:00:00,0,16,7,359,17,7,359,6926.42806380808,55406.5083697387,7562.33056147902,3119.74849811771,1556.8660490527,"1",5365.61544894817,4975.64431854999
2022-12-25 17:00:00,9,278.816666666667,0,73.6666666666667,0,2.23,4.28666666666667,NA,4800.75876341415,2022-12-25 18:00:00,0,17,7,359,18,7,359,7146.87665280389,56888.6886950712,7575.14355819629,3130.82785310856,1598.58537387901,"1",5351.97450965781,5003.4342797935
2022-12-25 18:00:00,10,278.583333333333,0,76.3333333333333,0,2.4,4.8,NA,4777.9654427114,2022-12-25 19:00:00,0,18,7,359,19,7,359,7013.9105284421,56393.5218254532,7526.94196750821,3114.50808338646,1597.00717418756,"1",5283.51386857704,4982.55980404875
2022-12-25 19:00:00,11,278.35,0,79.3333333333333,0,2.4,4.8,NA,4690.99768419762,2022-12-25 20:00:00,0,19,7,359,20,7,359,6744.71963786897,54709.8451486223,7386.74599514431,3035.01554885075,1545.49093599739,"1",5150.48504261924,4895.92039130756
2022-12-25 20:00:00,12,278.316666666667,0,81,0,2.57333333333333,4.45666666666667,NA,4470.19107361604,2022-12-25 21:00:00,0,20,7,359,21,7,359,6475.14969483178,52972.3401221623,7119.79553773274,2905.69554129267,1462.98052039484,"1",4876.24416695246,4665.59666573266
2022-12-25 21:00:00,13,278.116666666667,0,82.3333333333333,0,2.57333333333333,4.62666666666667,NA,4322.34360467884,2022-12-25 22:00:00,0,21,7,359,22,7,359,6397.66295482707,51713.6673920107,6885.46131715431,2763.29952175712,1373.94299831959,"1",4680.80430239629,4527.85298196023
2022-12-25 22:00:00,14,278.083333333333,0,84.6666666666667,0,2.57333333333333,4.8,NA,4094.31263097805,2022-12-25 23:00:00,0,22,7,359,23,7,359,6239.28198564927,49652.5524933651,6608.12926634693,2630.30689563168,1283.94783443381,"1",4410.01514692909,4294.91950941041
2022-12-25 23:00:00,15,277.983333333333,0,84.3333333333333,0,2.91666666666667,5.14333333333333,NA,4094.31263097805,2022-12-26 00:00:00,0,23,7,359,0,1,360,6029.772257157,47329.207202516,6483.65273015461,2514.90368731891,1207.08847394558,"1",NA,NA
2022-12-26 00:00:00,16,278.083333333333,0,84.6666666666667,0,2.91666666666667,4.8,NA,3696.03854012643,2022-12-26 01:00:00,0,0,1,360,1,1,360,5849.40623032868,45281.1203826396,6472.15917418031,2443.64917257696,1167.09739852289,"1",3563.92880957619,4051.47741762591
2022-12-26 01:00:00,17,278.083333333333,0,86.6666666666667,0,2.91666666666667,4.97,NA,3578.3284251947,2022-12-26 02:00:00,0,1,1,360,2,1,360,5775.65769208201,44363.0197839927,6359.09914094334,2439.20037627259,1151.46368277705,"1",3440.41622600276,3927.88824669811
2022-12-26 02:00:00,18,277.983333333333,0,88.3333333333333,0,2.91666666666667,5.14333333333333,NA,3532.35871240997,2022-12-26 03:00:00,0,2,1,360,3,1,360,5752.83735268758,44596.0064635246,6334.15659741497,2470.69168414814,1157.47679973385,"1",3379.44713893302,3875.89994492561
2022-12-26 03:00:00,19,277.95,0,88,0,2.74333333333333,5.14333333333333,NA,3574.13258570768,2022-12-26 04:00:00,0,3,1,360,4,1,360,5889.10879659344,45626.2920148066,6572.5278097913,2577.20395689712,1204.15141636537,"1",3360.95696763903,3916.11189201208
2022-12-26 04:00:00,20,278.016666666667,0,88.3333333333333,0,2.74333333333333,5.14333333333333,NA,3696.66646601506,2022-12-26 05:00:00,0,4,1,360,5,1,360,6276.05024457989,49094.1978082649,7116.16338658572,2772.39507999853,1331.93685971069,"1",3356.87450845709,4035.56922663766
2022-12-26 05:00:00,21,278.016666666667,0,87,0,2.74333333333333,5.14333333333333,NA,4080.6387194957,2022-12-26 06:00:00,0,5,1,360,6,1,360,6984.69033855623,54205.7272089115,7903.6306783673,3064.04276112232,1526.46859064164,"1",3585.7197682917,4422.38844024601
2022-12-26 06:00:00,22,278.083333333333,0,82,0,2.91333333333333,4.80333333333333,NA,4375.7294903364,2022-12-26 07:00:00,0,6,1,360,7,1,360,7730.77032983438,59414.1715200745,8419.45842792205,3273.15502905185,1673.86054964046,"1",3795.55834164119,4721.11526072378
2022-12-26 07:00:00,23,278.583333333333,10,83,0,2.91333333333333,4.80333333333333,NA,4592.1362245327,2022-12-26 08:00:00,0,7,1,360,8,1,360,8146.63786396263,63309.0148155483,8647.70149378022,3413.37225173582,1724.5940946254,"1",4012.50222764239,4935.78640559821
2022-12-26 08:00:00,24,279.116666666667,130,54.3333333333333,0,2.91666666666667,4.97333333333333,NA,4710.64469167388,2022-12-26 09:00:00,0,8,1,360,9,1,360,8305.58415019438,64845.0465570412,8731.88400682657,3491.95302519717,1709.39184545122,"1",4203.31257253992,5058.36210372278
2022-12-26 09:00:00,1,281.183333333333,420,76,0,2.57333333333333,6.34666666666667,NA,4685.24075783898,2022-12-26 10:00:00,0,9,1,360,10,1,360,8334.38749937149,65424.4011182183,8721.60269572446,3484.52360878061,1681.55722895248,"1",4246.36630274053,5010.98559081954
2022-12-26 10:00:00,2,282.216666666667,630,74.6666666666667,0,3.08666666666667,6.34666666666667,NA,4760.67796791857,2022-12-26 11:00:00,0,10,1,360,11,1,360,8335.78530882772,65664.0587061758,8751.24202002124,3518.30287986356,1667.28456127611,"1",4346.10075524737,5081.27794475431
2022-12-26 11:00:00,3,283.05,770,75,0,3.08666666666667,5.83333333333333,NA,4830.22939428523,2022-12-26 12:00:00,0,11,1,360,12,1,360,8275.11120820033,66803.3622625593,8797.77559925393,3478.14876448552,1650.94179717381,"1",4387.36302845473,5142.0549916458
2022-12-26 12:00:00,4,283.716666666667,780,76.3333333333333,0,3.08666666666667,5.83333333333333,NA,4825.79817635609,2022-12-26 13:00:00,0,12,1,360,13,1,360,8132.33871458639,66697.7950715932,8756.55055380319,3431.961869282,1625.05085174419,"1",4353.66873868572,5146.93407427038
2022-12-26 13:00:00,5,283.816666666667,670,77,0,2.91666666666667,5.66,NA,4820.3848187914,2022-12-26 14:00:00,0,13,1,360,14,1,360,7982.58011667469,65357.1149672066,8636.4112146357,3391.35677396304,1607.52997013573,"1",4331.3237586223,5115.6945357217
2022-12-26 14:00:00,6,283.416666666667,420,78.3333333333333,0,2.74333333333333,5.31666666666667,NA,4953.69124616151,2022-12-26 15:00:00,0,14,1,360,15,1,360,7971.39252077074,64144.2083254806,8588.31392589392,3386.16428631173,1622.61050635891,"1",4444.68619260359,5246.32061239459
2022-12-26 15:00:00,7,282.816666666667,140,79.6666666666667,0,2.57,5.14333333333333,NA,5167.77793769038,2022-12-26 16:00:00,0,15,1,360,16,1,360,8110.16569766438,64185.2428145236,8707.99870530115,3477.17323652931,1672.62378599446,"1",4662.00188268415,5474.87461533526
2022-12-26 16:00:00,8,282.25,0,81.3333333333333,0,2.74333333333333,5.49,NA,5261.47506835321,2022-12-26 17:00:00,0,16,1,360,17,1,360,8364.25872090527,65226.5692932256,8684.83917159059,3496.02221584079,1720.51436899296,"1",4770.57138056061,5580.95911714397
2022-12-26 17:00:00,9,281.55,0,81,0,2.74333333333333,5.14666666666667,NA,5267.13489654366,2022-12-26 18:00:00,0,17,1,360,18,1,360,8467.44928955382,66262.2876320009,8551.53810445625,3490.28685613005,1747.4266552059,"1",4800.75876341415,5587.42510133765
2022-12-26 18:00:00,10,281.05,0,82,0,2.57333333333333,4.97333333333333,NA,5233.26019690814,2022-12-26 19:00:00,0,18,1,360,19,1,360,8223.12163729054,65609.5219662715,8449.4939435433,3447.89025031699,1732.17949448832,"1",4777.9654427114,5548.32589627489
2022-12-26 19:00:00,11,280.75,0,81,0,2.57333333333333,4.97333333333333,NA,5114.27458072145,2022-12-26 20:00:00,0,19,1,360,20,1,360,7806.77491348872,63238.3959377143,8207.63026562388,3332.7652948539,1663.54336018267,"1",4690.99768419762,5430.47770640007
2022-12-26 20:00:00,12,280.616666666667,0,81.3333333333333,0,2.74666666666667,4.8,NA,4849.15117328998,2022-12-26 21:00:00,0,20,1,360,21,1,360,7351.98994009085,60056.8570680336,7810.85443286947,3165.13343784889,1562.48075767807,"1",4470.19107361604,5152.69680835033
2022-12-26 21:00:00,13,280.616666666667,0,81.6666666666667,0,2.57333333333333,4.97,NA,4646.10147926431,2022-12-26 22:00:00,0,21,1,360,22,1,360,7067.72674300515,57006.7371778158,7351.09189550771,2989.9527066441,1458.7371277607,"1",4322.34360467884,4957.29188528073
2022-12-26 22:00:00,14,280.55,0,83.3333333333333,0,2.57333333333333,4.8,NA,4375.24340480064,2022-12-26 23:00:00,0,22,1,360,23,1,360,6701.55359612561,53359.8008217834,6924.50238789316,2834.64841711112,1360.6599332157,"1",4094.31263097805,4679.19750830148
2022-12-26 23:00:00,15,280.55,0,83.6666666666667,0,2.74333333333333,4.8,NA,4375.24340480064,2022-12-27 00:00:00,0,23,1,360,0,2,361,6310.13255132159,50318.3774291946,6730.75618622928,2703.03485304495,1281.03074177395,"1",NA,NA
2022-12-27 00:00:00,16,280.516666666667,0,86.6666666666667,0,3.09,4.97333333333333,NA,4113.75743724182,2022-12-27 01:00:00,0,0,2,361,1,2,361,6012.99608823336,48236.113054491,6678.46784086899,2621.70972283904,1240.54043574593,"0",3696.03854012643,4082.6365558149
2022-12-27 01:00:00,17,280.516666666667,0,85.3333333333333,0.0333333333333333,3.09,5.31333333333333,NA,3982.90483920661,2022-12-27 02:00:00,0,1,2,361,2,2,361,5882.03325327105,47233.3969493241,6548.67292662402,2607.09302325398,1227.87843461626,"0",3578.3284251947,3950.63516463215
2022-12-27 02:00:00,18,280.483333333333,0,85.6666666666667,0.1,3.26,5.65666666666667,NA,3936.05899612866,2022-12-27 03:00:00,0,2,2,361,3,2,361,5809.09460633676,47235.9707811784,6543.87990673135,2637.22117576457,1232.69661208925,"0",3532.35871240997,3902.22359598586
2022-12-27 03:00:00,19,280.683333333333,0,84.3333333333333,0.0666666666666667,3.26,6.00333333333333,NA,3994.72021862512,2022-12-27 04:00:00,0,3,2,361,4,2,361,5894.28217851153,47942.1411420508,6791.18342248252,2746.49958103245,1271.6537018619,"0",3574.13258570768,3960.51568361851
2022-12-27 04:00:00,20,280.616666666667,0,86,0.1,3.26,5.83,NA,4179.57399965642,2022-12-27 05:00:00,0,4,2,361,5,2,361,6281.84586296446,51353.2624708315,7368.97366485329,2947.64591855592,1403.96518950408,"0",3696.66646601506,4143.63373275545
2022-12-27 05:00:00,21,280.55,0,86.3333333333333,0.0666666666666667,3.60333333333333,6.51666666666667,NA,4660.22859847065,2022-12-27 06:00:00,0,5,2,361,6,2,361,7074.05935870325,56461.1358748352,8284.87283827724,3242.76858580004,1616.92990779455,"0",4080.6387194957,4652.46584573259
2022-12-27 06:00:00,22,280.55,0,82.3333333333333,0,3.77333333333333,6.68666666666667,NA,4999.20138747953,2022-12-27 07:00:00,0,6,2,361,7,2,361,7905.62134362113,61783.0052224126,8785.02291646535,3442.59773872557,1773.69706542131,"0",4375.7294903364,5008.04283562672
2022-12-27 07:00:00,23,280.816666666667,0,81.6666666666667,0,3.94333333333333,6.86,NA,5195.76021199638,2022-12-27 08:00:00,0,7,2,361,8,2,361,8329.24724242956,65196.9599206786,8956.79585489106,3558.03240034963,1815.21258389839,"0",4592.1362245327,5203.35218943744
2022-12-27 08:00:00,24,281.383333333333,40,77.6666666666667,0,4.63,6.43,NA,5285.63355403797,2022-12-27 09:00:00,0,8,2,361,9,2,361,8441.76141586217,66210.1113609832,9002.94167579615,3605.29355954092,1793.84811390019,"0",4710.64469167388,5277.9747147763
2022-12-27 09:00:00,1,282.783333333333,300,64,0,6,10.4566666666667,NA,5174.40532594983,2022-12-27 10:00:00,0,9,2,361,10,2,361,8440.47735054637,66520.8716294442,8964.94242050429,3573.91824925934,1773.80044759216,"0",4685.24075783898,5185.32922513254
2022-12-27 10:00:00,2,283.316666666667,510,59.6666666666667,0,6.51666666666667,11.065,NA,5222.24815583461,2022-12-27 11:00:00,0,10,2,361,11,2,361,8432.59297194295,66787.6254864412,8977.93920306727,3602.21694468716,1769.83694902129,"0",4760.67796791857,5240.62778447115
2022-12-27 11:00:00,3,283.216666666667,680,59.3333333333333,0,6.85666666666667,11.06,NA,5285.56368681186,2022-12-27 12:00:00,0,11,2,361,12,2,361,8380.64526993167,67338.021668641,9033.77113866568,3574.24882831501,1759.97344762638,"0",4830.22939428523,5311.91821739502
2022-12-27 12:00:00,4,283.016666666667,730,60.3333333333333,0,6.51666666666667,10.545,NA,5286.32280940968,2022-12-27 13:00:00,0,12,2,361,13,2,361,8263.16720338042,67088.525273177,9003.17163609448,3535.38037960973,1731.86803757839,"0",4825.79817635609,5322.00523938133
2022-12-27 13:00:00,5,282.583333333333,650,59.6666666666667,0,6.17,6.61333333333333,NA,5319.61078832894,2022-12-27 14:00:00,0,13,2,361,14,2,361,8145.41394726658,66166.5239019226,8858.96481534792,3496.45586014545,1704.14320933764,"0",4820.3848187914,5319.8706243623
2022-12-27 14:00:00,6,281.55,440,59,0,5.14333333333333,8.74666666666667,NA,5420.88462978533,2022-12-27 15:00:00,0,14,2,361,15,2,361,8149.61432573538,65586.654552795,8818.11041023399,3479.72196057383,1708.65707933752,"0",4953.69124616151,5442.65750709058
2022-12-27 15:00:00,7,280.383333333333,160,55.6666666666667,0,4.28666666666667,7.37333333333333,NA,5620.00136053934,2022-12-27 16:00:00,0,15,2,361,16,2,361,8273.84001552474,65376.6932112204,8881.96698271261,3553.52470696347,1747.8196244005,"0",5167.77793769038,5648.91786409707
2022-12-27 16:00:00,8,279.516666666667,0,53,0,3.77333333333333,6.17333333333333,NA,5704.07788217499,2022-12-27 17:00:00,0,16,2,361,17,2,361,8484.67077089388,65784.9154491283,8830.45352991628,3557.11890285812,1788.31825277522,"0",5261.47506835321,5741.08430367785
2022-12-27 17:00:00,9,278.55,0,50.6666666666667,0,3.26,5.31666666666667,NA,5685.73250810079,2022-12-27 18:00:00,0,17,2,361,18,2,361,8547.37188636473,66832.4821418133,8661.51466424609,3537.79499775828,1811.92709881037,"0",5267.13489654366,5724.06118375862
2022-12-27 18:00:00,10,277.283333333333,0,46,0,2.91333333333333,5.31333333333333,NA,5623.29316969823,2022-12-27 19:00:00,0,18,2,361,19,2,361,8271.25591773687,66534.8572404596,8537.39550311397,3481.68137945104,1793.95970675828,"0",5233.26019690814,5670.95205080035
2022-12-27 19:00:00,11,276.583333333333,0,42,0,2.57333333333333,4.62666666666667,NA,5478.92570364789,2022-12-27 20:00:00,0,19,2,361,20,2,361,7824.53300629203,64059.722523355,8277.61050741058,3353.24966286515,1714.67570475725,"0",5114.27458072145,5528.40855416387
2022-12-27 20:00:00,12,275.783333333333,0,39.6666666666667,0,2.22666666666667,4.45666666666667,NA,5171.28703170161,2022-12-27 21:00:00,0,20,2,361,21,2,361,7347.08554377427,60533.4376097263,7861.17520859732,3171.88008296798,1597.70178184437,"0",4849.15117328998,5217.38663045994
2022-12-27 21:00:00,13,275.216666666667,0,37.3333333333333,0,2.22666666666667,4.11666666666667,NA,4928.71846390293,2022-12-27 22:00:00,0,21,2,361,22,2,361,7048.05565383835,57634.8376149937,7357.05002008704,2984.92201064833,1484.42158483963,"0",4646.10147926431,4983.09486675754
2022-12-27 22:00:00,14,274.55,0,34,0,1.71666666666667,4.11666666666667,NA,4625.45916257966,2022-12-27 23:00:00,0,22,2,361,23,2,361,6680.58174215717,54244.5401160275,6924.05833131527,2822.76641015876,1383.74411503051,"0",4375.24340480064,4681.60744091727
2022-12-27 23:00:00,15,274.083333333333,0,33,0,1.54333333333333,3.94666666666667,NA,4625.45916257966,2022-12-28 00:00:00,0,23,2,361,0,3,362,6272.30109902893,51234.4474745427,6747.0571016401,2688.13591126488,1300.02666183081,"0",NA,NA
2022-12-28 00:00:00,16,273.55,0,31.6666666666667,0,1.54333333333333,3.60333333333333,NA,4130.47458760656,2022-12-28 01:00:00,0,0,3,362,1,3,362,5965.21211795002,48766.7119449895,6676.53682022326,2604.18512435688,1252.92081447832,"0",4113.75743724182,4067.97741327974
2022-12-28 01:00:00,17,273.216666666667,0,33.6666666666667,0,1.54333333333333,3.60333333333333,NA,3991.20175314506,2022-12-28 02:00:00,0,1,3,362,2,3,362,5834.75665601316,47684.0180086306,6541.39009569777,2585.45809760031,1233.4818953995,"0",3982.90483920661,3930.42605633066
2022-12-28 02:00:00,18,272.883333333333,0,34,0,1.37,3.43,NA,3945.51525568687,2022-12-28 03:00:00,0,2,3,362,3,3,362,5767.63168729141,47877.8984394622,6541.44036180974,2609.86112567683,1234.06502556681,"0",3936.05899612866,3882.53991520803
2022-12-28 03:00:00,19,272.616666666667,0,33,0,1.37,3.25666666666667,NA,4002.03722280061,2022-12-28 04:00:00,0,3,3,362,4,3,362,5843.00922557042,48761.2595946299,6749.05975622008,2710.43587815535,1272.45543913905,"0",3994.72021862512,3935.88721798638
2022-12-28 04:00:00,20,272.25,0,37.3333333333333,0,1.37,3.25666666666667,NA,4196.07356375042,2022-12-28 05:00:00,0,4,3,362,5,3,362,6229.27097478765,51876.7206310338,7254.61237875707,2900.6530312501,1402.75830344297,"0",4179.57399965642,4136.55951873688
2022-12-28 05:00:00,21,272.116666666667,0,38.6666666666667,0,1.37333333333333,3.43333333333333,NA,4706.41556573988,2022-12-28 06:00:00,0,5,3,362,6,3,362,7028.689932192,56716.6443290508,8057.76673415522,3181.70395232468,1609.95070653602,"0",4660.22859847065,4680.72323069351
2022-12-28 06:00:00,22,272.116666666667,0,47,0,1.54333333333333,3.43333333333333,NA,5067.9847165213,2022-12-28 07:00:00,0,6,3,362,7,3,362,7866.28678366089,62154.9802784111,8549.31216440464,3372.67337490449,1759.55682981258,"0",4999.20138747953,5060.98720188956
2022-12-28 07:00:00,23,272.783333333333,10,47.6666666666667,0,1.71333333333333,3.43333333333333,NA,5264.49755513938,2022-12-28 08:00:00,0,7,3,362,8,3,362,8291.06117798024,65485.3048617709,8733.88044823994,3491.99607759126,1798.82985687893,"0",5195.76021199638,5252.73103681826
2022-12-28 08:00:00,24,273.916666666667,190,47.6666666666667,0,1.88333333333333,3.94333333333333,NA,5332.04726316408,2022-12-28 09:00:00,0,8,3,362,9,3,362,8417.7051622307,66325.3894383332,8821.56610619565,3552.00022645544,1786.15406104124,"0",5285.63355403797,5313.81910349912
2022-12-28 09:00:00,1,275.283333333333,620,37.6666666666667,0,1.88666666666667,4.45666666666667,NA,5220.96265310567,2022-12-28 10:00:00,0,9,3,362,10,3,362,8454.55035758631,66673.1045715195,8830.51291745521,3537.68008040147,1782.36640228544,"0",5174.40532594983,5243.21712654888
2022-12-28 10:00:00,2,276.65,NA,39.3333333333333,0,2.4,4.97,NA,5318.23223224351,2022-12-28 11:00:00,0,10,3,362,11,3,362,8475.46686931153,67215.8273253824,8889.30598286929,3578.85834314165,1791.86884390592,"0",5222.24815583461,5322.13758606938
2022-12-28 11:00:00,3,277.583333333333,NA,43.3333333333333,0,2.4,4.97,NA,5415.50181138135,2022-12-28 12:00:00,0,11,3,362,12,3,362,8430.10045785516,67533.3095818263,8938.49917824283,3557.48253484534,1780.5108905882,"0",5285.56368681186,5409.28266117008
2022-12-28 12:00:00,4,278.316666666667,60,46,0,2.57333333333333,4.97333333333333,NA,5512.77139051919,2022-12-28 13:00:00,0,12,3,362,13,3,362,8305.69250687151,67314.0266168332,8918.26195153278,3522.03194748151,1741.5662508472,"0",5286.32280940968,5430.40175050266
2022-12-28 13:00:00,5,278.316666666667,910,50,0,2.57333333333333,4.97333333333333,NA,5403.09308393252,2022-12-28 14:00:00,0,13,3,362,14,3,362,8174.68463533844,66290.5359679784,8794.9970607948,3484.83063603386,1706.16638699391,"0",5319.61078832894,5434.32234448858
2022-12-28 14:00:00,6,277.783333333333,600,52,0,2.4,4.97,NA,5530.49832033826,2022-12-28 15:00:00,0,14,3,362,15,3,362,8147.23886001186,65613.0375677583,8769.48726073713,3466.36832414618,1707.94876943281,"0",5420.88462978533,5551.28102931831
2022-12-28 15:00:00,7,277.083333333333,200,51.3333333333333,0,2.23,4.63,NA,5730.4815597739,2022-12-28 16:00:00,0,15,3,362,16,3,362,8235.87329310856,65683.8064356072,8833.20423173689,3538.77235595009,1749.99353259366,"0",5620.00136053934,5739.71915802832
2022-12-28 16:00:00,8,276.083333333333,0,47.3333333333333,0,2.23,4.63,NA,5801.53478567305,2022-12-28 17:00:00,0,16,3,362,17,3,362,8428.42056417465,66751.5279490539,8793.04887130955,3543.43153075821,1796.97903696998,"0",5704.07788217499,5812.8528411301
2022-12-28 17:00:00,9,275.05,0,42.6666666666667,0,2.05666666666667,4.29,NA,5775.10647580273,2022-12-28 18:00:00,0,17,3,362,18,3,362,8498.3399355698,67552.3059236525,8674.70495066237,3528.15301529578,1830.29655242981,"0",5685.73250810079,5793.91453632608
2022-12-28 18:00:00,10,274.25,0,39.6666666666667,0,1.88333333333333,4.11666666666667,NA,5713.10231763154,2022-12-28 19:00:00,0,18,3,362,19,3,362,8239.78951505657,66800.9577841673,8554.33209156034,3480.07115417016,1818.70348247683,"0",5623.29316969823,5732.1181559681
2022-12-28 19:00:00,11,273.783333333333,0,40.6666666666667,0,2.05666666666667,3.94666666666667,NA,5558.0681722245,2022-12-28 20:00:00,0,19,3,362,20,3,362,7803.38259951059,63913.5334599583,8274.61669556653,3361.96505789349,1738.30206625383,"0",5478.92570364789,5589.74302536453
2022-12-28 20:00:00,12,273.316666666667,0,38.3333333333333,0,2.05666666666667,3.94666666666667,NA,5232.28944401695,2022-12-28 21:00:00,0,20,3,362,21,3,362,7331.25170717963,60260.1347371232,7820.60652630986,3190.66897254186,1615.81934265828,"0",5171.28703170161,5263.74710715545
2022-12-28 21:00:00,13,272.983333333333,0,38.3333333333333,0,2.05666666666667,3.94666666666667,NA,4976.16332827452,2022-12-28 22:00:00,0,21,3,362,22,3,362,7041.11581585905,57253.4809352168,7322.94722593175,3010.91286812653,1499.36788723521,"0",4928.71846390293,5018.60340581508
2022-12-28 22:00:00,14,272.683333333333,0,38.6666666666667,0,2.05666666666667,4.28666666666667,NA,4670.49691221383,2022-12-28 23:00:00,0,22,3,362,23,3,362,6683.42209175281,54043.9202278811,6928.12832883036,2850.55613861437,1400.27504223528,"0",4625.45916257966,4721.49995371538
2022-12-28 23:00:00,15,272.383333333333,0,39,0,2.22666666666667,4.11333333333333,NA,4670.49691221383,2022-12-29 00:00:00,0,23,3,362,0,4,363,6285.00289185565,51229.6225912109,6931.62222947999,2714.34502850316,1318.3176712811,"0",NA,NA
2022-12-29 00:00:00,16,272.183333333333,0,41,0,2.4,4.11333333333333,NA,4167.47490386696,2022-12-29 01:00:00,0,0,4,363,1,4,363,5984.65234711004,48947.4997236308,7009.57501685624,2627.77101195607,1268.70263001959,"0",4130.47458760656,4179.97254650305
2022-12-29 01:00:00,17,272.116666666667,0,40.6666666666667,0,2.4,3.94333333333333,NA,4036.54437293097,2022-12-29 02:00:00,0,1,4,363,2,4,363,5860.65372062162,47830.3830375712,6938.03975596125,2604.47856823711,1241.66710779676,"0",3991.20175314506,4050.01493560881
2022-12-29 02:00:00,18,271.916666666667,0,42,0,2.22666666666667,4.11666666666667,NA,3985.92847577871,2022-12-29 03:00:00,0,2,4,363,3,4,363,5793.20296644787,47871.8180948493,6931.11625718397,2623.23937847516,1234.25340655435,"0",3945.51525568687,3999.91170401522
2022-12-29 03:00:00,19,271.883333333333,0,43.3333333333333,0,2.4,4.28333333333333,NA,4032.09483714223,2022-12-29 04:00:00,0,3,4,363,4,4,363,5878.45099490102,48790.9190331399,7072.06944077475,2717.44256496022,1274.60690535813,"0",4002.03722280061,4030.31639844206
2022-12-29 04:00:00,20,272.016666666667,0,46,0,2.4,4.45666666666667,NA,4216.7354100375,2022-12-29 05:00:00,0,4,4,363,5,4,363,6296.73564956158,52257.0188673583,7372.28564892235,2899.68450021945,1416.09748435784,"0",4196.07356375042,4231.86184212101
2022-12-29 05:00:00,21,272.05,0,48.6666666666667,0,2.4,4.62666666666667,NA,4718.24827514897,2022-12-29 06:00:00,0,5,4,363,6,4,363,7129.68576431668,57884.7632289565,7940.38591697774,3170.46580385934,1632.79542582175,"0",4706.41556573988,4752.88328394202
2022-12-29 06:00:00,22,272.316666666667,0,57.3333333333333,0,2.4,4.45666666666667,NA,5095.28571718652,2022-12-29 07:00:00,0,6,4,363,7,4,363,7988.40771296084,63604.8758290684,8402.33769241837,3355.70816400954,1786.3169811972,"0",5067.9847165213,5144.55648333533
2022-12-29 07:00:00,23,272.95,10,60.6666666666667,0,2.4,4.45666666666667,NA,5295.60295100198,2022-12-29 08:00:00,0,7,4,363,8,4,363,8431.71380357951,66921.6990614696,8617.42482509508,3474.24371076661,1818.45800045056,"0",5264.49755513938,5326.56348103149
2022-12-29 08:00:00,24,274.016666666667,170,62.3333333333333,0,2.74333333333333,4.62666666666667,NA,5367.35420309165,2022-12-29 09:00:00,0,8,4,363,9,4,363,8570.00131424384,67838.662111087,8740.59847744789,3537.09599380616,1789.22832369532,"0",5332.04726316408,5411.9715115524
2022-12-29 09:00:00,1,275.55,500,66.3333333333333,0,2.57333333333333,6.17666666666667,NA,5264.35441857544,2022-12-29 10:00:00,0,9,4,363,10,4,363,8599.12827349163,68621.4776145612,8750.1242197225,3528.88433169852,1769.35290765892,"0",5220.96265310567,5338.83979455445
2022-12-29 10:00:00,2,276.75,720,68.6666666666667,0,2.74666666666667,6.34333333333333,NA,5346.69892903362,2022-12-29 11:00:00,0,10,4,363,11,4,363,8600.76270223139,69331.370144132,8797.21388241437,3569.31627232323,1768.2449067115,"0",5318.23223224351,5414.92200394443
2022-12-29 11:00:00,3,277.75,830,71,0,3.26,5.83,NA,5442.60335220643,2022-12-29 12:00:00,0,11,4,363,12,4,363,8529.23488152016,69711.0893142147,8818.06070720686,3543.4683175378,1752.13112152423,"0",5415.50181138135,5492.89172882099
2022-12-29 12:00:00,4,278.65,790,72.3333333333333,0,3.08666666666667,5.65666666666667,NA,5498.35977053052,2022-12-29 13:00:00,0,12,4,363,13,4,363,8385.25922373095,69293.2747397008,8776.92220677944,3502.34932505733,1716.35417053609,"0",5512.77139051919,5499.68549758691
2022-12-29 13:00:00,5,278.916666666667,660,74,0,3.08666666666667,5.65666666666667,NA,5467.25512941083,2022-12-29 14:00:00,0,13,4,363,14,4,363,8240.90831042489,67764.7475831269,8669.5503799751,3461.02442826074,1694.86928951189,"0",5403.09308393252,5494.97772442885
2022-12-29 14:00:00,6,278.75,430,77,0,2.91666666666667,5.31666666666667,NA,5600.84525068686,2022-12-29 15:00:00,0,14,4,363,15,4,363,8200.16504254132,66671.5290525166,8645.35605362551,3442.37330476237,1711.98090058848,"0",5530.49832033826,5604.21514473617
2022-12-29 15:00:00,7,278.45,150,78,0,2.74333333333333,4.97333333333333,NA,5786.8588124294,2022-12-29 16:00:00,0,15,4,363,16,4,363,8274.87425180556,66767.1711241158,8701.16899299291,3514.22654144928,1759.31995057064,"0",5730.4815597739,5776.22578480239
2022-12-29 16:00:00,8,278.116666666667,0,80,0,2.91666666666667,5.31666666666667,NA,5850.60206528225,2022-12-29 17:00:00,0,16,4,363,17,4,363,8474.31932720233,67824.0951116356,8641.93605710769,3520.85959045962,1803.55438186722,"0",5801.53478567305,5836.61522197411
2022-12-29 17:00:00,9,277.65,0,80,0,2.74333333333333,5.14666666666667,NA,5830.28556470482,2022-12-29 18:00:00,0,17,4,363,18,4,363,8562.20986719826,68039.5570752228,8537.73091732028,3508.93318456005,1831.76948023633,"0",5775.10647580273,5816.6096073811
2022-12-29 18:00:00,10,277.316666666667,0,79.6666666666667,0,2.74666666666667,5.14333333333333,NA,5776.74216303148,2022-12-29 19:00:00,0,18,4,363,19,4,363,8311.24585842335,67058.6237703288,8427.00285866345,3464.80993137985,1816.89743250073,"0",5713.10231763154,5764.94384058988
2022-12-29 19:00:00,11,277.083333333333,0,79,0,2.74666666666667,4.97333333333333,NA,5620.41378898435,2022-12-29 20:00:00,0,19,4,363,20,4,363,7871.28847870782,64420.5116117891,8139.36153577125,3354.63455018288,1737.52299628028,"0",5558.0681722245,5614.36936711942
2022-12-29 20:00:00,12,276.95,0,79.6666666666667,0,2.74666666666667,4.97333333333333,NA,5296.09710524853,2022-12-29 21:00:00,0,20,4,363,21,4,363,7391.71740783347,61090.5578668185,7683.95469377755,3194.41779664731,1619.36918809854,"0",5232.28944401695,5290.80537142097
2022-12-29 21:00:00,13,276.95,0,78,0,2.57333333333333,4.97333333333333,NA,5043.62743096232,2022-12-29 22:00:00,0,21,4,363,22,4,363,7091.20067956097,57903.3357039147,7223.3836672324,3023.88814008888,1504.67513186938,"0",4976.16332827452,5050.09523329408
2022-12-29 22:00:00,14,276.783333333333,0,78,0,2.57333333333333,4.45666666666667,NA,4745.49333703041,2022-12-29 23:00:00,0,22,4,363,23,4,363,6721.22841743419,54280.4046196464,6850.22588615937,2865.983411894,1404.47155758842,"0",4670.49691221383,4739.37206471813
2022-12-29 23:00:00,15,276.65,0,76.3333333333333,0,2.57333333333333,4.45666666666667,NA,4745.49333703041,2022-12-30 00:00:00,0,23,4,363,0,5,364,6310.64281354295,51161.7677150011,6824.66639426741,2727.6806027548,1322.75761605802,"0",NA,NA
2022-12-30 00:00:00,16,276.65,0,77.6666666666667,0,2.57333333333333,4.8,NA,4244.22541735897,2022-12-30 01:00:00,0,0,5,364,1,5,364,6002.15921755423,49190.0026189286,6900.30446712527,2638.95565210217,1275.3016340813,"0",4167.47490386696,4238.34211249071
2022-12-30 01:00:00,17,276.75,0,79.6666666666667,0,2.57333333333333,4.63,NA,4122.72887150943,2022-12-30 02:00:00,0,1,5,364,2,5,364,5872.00200578101,48196.1223402708,6849.34104583708,2617.17197041603,1251.91951755034,"0",4036.54437293097,4113.03204785092
2022-12-30 02:00:00,18,276.816666666667,0,80,0,2.74333333333333,4.80333333333333,NA,4071.45252782471,2022-12-30 03:00:00,0,2,5,364,3,5,364,5802.39282275106,48088.9359732554,6822.12845688619,2638.82459821737,1250.03896299702,"0",3985.92847577871,4059.56403184963
2022-12-30 03:00:00,19,277.05,0,73.5,0,2.57333333333333,4.80333333333333,NA,4117.63733801412,2022-12-30 04:00:00,0,3,5,364,4,5,364,5874.27114424582,48845.6352935954,6994.48977016541,2728.94881876994,1290.78124985341,"0",4032.09483714223,4093.85887664874
2022-12-30 04:00:00,20,277.15,0,77,0,2.91666666666667,5.14333333333333,NA,4277.77147027377,2022-12-30 05:00:00,0,4,5,364,5,5,364,6234.69977267504,52148.3096272572,7280.95425041454,2899.77444113807,1419.87730536206,"0",4216.7354100375,4257.09667412958
2022-12-30 05:00:00,21,277.283333333333,0,77,0,3.08666666666667,5.14333333333333,NA,4752.21676691347,2022-12-30 06:00:00,0,5,5,364,6,5,364,6965.38452257647,57031.9546494731,7851.07928950548,3155.54579529354,1621.40539882432,"0",4718.24827514897,4742.65067545352
2022-12-30 06:00:00,22,277.283333333333,0,81,0,3.08666666666667,4.97,NA,5116.03227352773,2022-12-30 07:00:00,0,6,5,364,7,5,364,7746.67165440097,62187.4117690277,8334.97696914344,3334.68800681715,1769.48971966724,"0",5095.28571718652,5117.37456426038
2022-12-30 07:00:00,23,277.683333333333,0,41,0,3.08666666666667,4.97333333333333,NA,5308.05999518065,2022-12-30 08:00:00,0,7,5,364,8,5,364,8195.19073119595,65576.9659827915,8558.26349324015,3455.81855689172,1804.90920184975,"0",5295.60295100198,5313.53288983327
2022-12-30 08:00:00,24,278.183333333333,60,90.5,0,3.08666666666667,5.31333333333333,NA,5406.99606852943,2022-12-30 09:00:00,0,8,5,364,9,5,364,8385.10918886245,66858.3741032617,8664.6376641532,3528.79300221814,1776.62329889437,"0",5367.35420309165,5392.18890187464
2022-12-30 09:00:00,1,278.483333333333,140,98,0.1,3.43,5.48666666666667,NA,5349.07918723386,2022-12-30 10:00:00,0,9,5,364,10,5,364,8433.5538221898,67807.924293024,8684.91072023226,3533.52321097546,1758.11575368276,"0",5264.35441857544,5341.83384117236
2022-12-30 10:00:00,2,278.85,250,98.6666666666667,0.133333333333333,3.43,5.66,NA,5425.48369713428,2022-12-30 11:00:00,0,10,5,364,11,5,364,8426.38475427409,68292.584281985,8710.498557179,3582.09118629402,1761.38380592456,"0",5346.69892903362,5409.506768447
2022-12-30 11:00:00,3,279.183333333333,330,98,0,3.26,5.31333333333333,NA,5508.12127254786,2022-12-30 12:00:00,0,11,5,364,12,5,364,8338.35573786602,68171.6332082022,8715.74751685811,3562.16373016739,1749.66694164361,"0",5442.60335220643,5476.97151411339
2022-12-30 12:00:00,4,279.316666666667,400,96.6666666666667,0,2.91666666666667,5.31333333333333,NA,5513.92529545576,2022-12-30 13:00:00,0,12,5,364,13,5,364,8173.98193835172,67181.9122852318,8666.64041265891,3521.75443439267,1715.47928909824,"0",5498.35977053052,5474.27092151418
2022-12-30 13:00:00,5,279.283333333333,370,94.3333333333333,0,2.57333333333333,4.63,NA,5498.58776519905,2022-12-30 14:00:00,0,13,5,364,14,5,364,8018.23470791304,65514.3484796025,8558.88021057171,3480.80556104859,1690.44375383044,"0",5467.25512941083,5469.52642858302
2022-12-30 14:00:00,6,278.95,290,92.3333333333333,0,2.40333333333333,4.46,NA,5613.23763261882,2022-12-30 15:00:00,0,14,5,364,15,5,364,7987.00013840838,64560.1169082,8553.28505153202,3458.79882317898,1705.34312939546,"0",5600.84525068686,5590.00784293664
2022-12-30 15:00:00,7,278.616666666667,110,87.6666666666667,0,1.71333333333333,3.77333333333333,NA,5785.18426129994,2022-12-30 16:00:00,0,15,5,364,16,5,364,8095.77594661946,65001.5847156504,8589.54887708165,3522.73622063022,1752.47494634113,"0",5786.8588124294,5771.94988406655
2022-12-30 16:00:00,8,278.183333333333,0,85.3333333333333,0,1.54,3.43333333333333,NA,5840.33081076539,2022-12-30 17:00:00,0,16,5,364,17,5,364,8318.68708953638,66037.7846681045,8496.48773822571,3515.15699474109,1791.36045210199,"0",5850.60206528225,5827.982085136
2022-12-30 17:00:00,9,277.583333333333,0,83.3333333333333,0,1.54,3.26,NA,5808.70139430471,2022-12-30 18:00:00,0,17,5,364,18,5,364,8400.64314810915,66026.5300563941,8360.19287365466,3484.90993679395,1810.39911614401,"0",5830.28556470482,5798.99672943377
2022-12-30 18:00:00,10,277.216666666667,0,84,0,1.37,3.43333333333333,NA,5736.31145110452,2022-12-30 19:00:00,0,18,5,364,19,5,364,8118.54317530835,64643.894194324,8192.17440096493,3422.06891601627,1783.87052679682,"0",5776.74216303148,5726.74124719159
2022-12-30 19:00:00,11,277.05,0,85,0,1.37,3.43333333333333,NA,5571.2528512014,2022-12-30 20:00:00,0,19,5,364,20,5,364,7668.82953666746,61815.8004117684,7896.75357959824,3299.79931736197,1697.40276573108,"0",5620.41378898435,5563.47446870363
2022-12-30 20:00:00,12,276.816666666667,0,88,0,1.54333333333333,3.26,NA,5250.57578979577,2022-12-30 21:00:00,0,20,5,364,21,5,364,7195.06359571055,58501.3158993845,7458.15948840652,3133.65628846373,1580.89023595001,"0",5296.09710524853,5241.06060563259
2022-12-30 21:00:00,13,276.883333333333,0,88.3333333333333,0,1.54333333333333,3.43,NA,4994.4491756272,2022-12-30 22:00:00,0,21,5,364,22,5,364,6891.60906311361,55646.4015652638,6963.4686173063,2959.80101755087,1470.64347999484,"0",5043.62743096232,4987.28355107013
2022-12-30 22:00:00,14,276.683333333333,0,85,0,2.05666666666667,3.6,NA,4688.72983733542,2022-12-30 23:00:00,0,22,5,364,23,5,364,6524.23861619035,52340.6844697476,6558.4769155105,2799.39550225421,1371.31805323779,"0",4745.49333703041,4680.73859243947
2022-12-30 23:00:00,15,276.65,0,84.6666666666667,0,2.23,4.11666666666667,NA,4688.72983733542,2022-12-31 00:00:00,0,23,5,364,0,6,365,6118.28847514717,49258.1980658913,6269.45100613919,2661.36013365223,1289.52139914266,"0",NA,NA
2022-12-31 00:00:00,16,276.783333333333,0,85.6666666666667,0,2.4,4.11333333333333,NA,4086.38453657677,2022-12-31 01:00:00,0,0,6,365,1,6,365,5805.68090809658,47240.7523419145,6141.65147635872,2575.33217173983,1242.7023284765,"0",4244.22541735897,4082.88151270682
2022-12-31 01:00:00,17,276.816666666667,0,86.6666666666667,0,2.4,4.28666666666667,NA,3964.577911392,2022-12-31 02:00:00,0,1,6,365,2,6,365,5663.74307130085,46326.8282279023,6110.62434100388,2552.86435398202,1221.74752486401,"0",4122.72887150943,3954.86686649666
2022-12-31 02:00:00,18,276.95,0,86.3333333333333,0,2.74666666666667,4.62666666666667,NA,3911.57705635887,2022-12-31 03:00:00,0,2,6,365,3,6,365,5575.40221734953,46078.1394879887,6144.6164374614,2554.72890962982,1218.45531733782,"0",4071.45252782471,3899.19011845579
2022-12-31 03:00:00,19,277.283333333333,0,87.6666666666667,0,2.57333333333333,4.63,NA,3922.5236139746,2022-12-31 04:00:00,0,3,6,365,4,6,365,5561.16857044887,45917.7238261964,6261.26011676982,2595.34009110674,1236.36290928457,"0",4117.63733801412,3897.63939960466
2022-12-31 04:00:00,20,277.483333333333,0,88.6666666666667,0,2.57333333333333,4.97333333333333,NA,3975.22699964205,2022-12-31 05:00:00,0,4,6,365,5,6,365,5675.15065664551,46642.3056798675,6392.03954905189,2693.28598589494,1305.6430863374,"0",4277.77147027377,3939.34158266087
2022-12-31 05:00:00,21,277.583333333333,0,89.6666666666667,0,2.74333333333333,5.14333333333333,NA,4290.67513591494,2022-12-31 06:00:00,0,5,6,365,6,6,365,6024.77708877868,47350.4380260253,6640.52507794588,2878.44008851776,1440.30535899966,"0",4752.21676691347,4264.46319409009
2022-12-31 06:00:00,22,277.683333333333,0,92,0,2.91666666666667,4.8,NA,4560.49792929061,2022-12-31 07:00:00,0,6,6,365,7,6,365,6500.01845316953,49496.2377180749,6985.65913569299,3021.7702233942,1566.41158161161,"0",5116.03227352773,4532.34934608124
2022-12-31 07:00:00,23,278.183333333333,0,92,0,2.74666666666667,4.8,NA,4766.70918589315,2022-12-31 08:00:00,0,7,6,365,8,6,365,6865.2813963972,52543.8596344525,7294.7242899801,3152.19851275831,1629.55403148413,"0",5308.05999518065,4738.28205173691
2022-12-31 08:00:00,24,278.85,100,90.6666666666667,0,2.91666666666667,4.8,NA,4918.45350656543,2022-12-31 09:00:00,0,8,6,365,9,6,365,7139.19591115629,54985.3987847208,7576.47347989145,3262.83237786094,1640.63286910588,"0",5406.99606852943,4882.52524797935
2022-12-31 09:00:00,1,280.483333333333,320,90.6666666666667,0,2.74333333333333,5.65666666666667,NA,4931.67295600488,2022-12-31 10:00:00,0,9,6,365,10,6,365,7297.70223097128,57013.5912234083,7803.63510774948,3304.15833291754,1643.16558945642,"0",5349.07918723386,4922.46610279659
2022-12-31 10:00:00,2,281.25,540,90.6666666666667,0,3.08666666666667,5.66,NA,5022.86748296813,2022-12-31 11:00:00,0,10,6,365,11,6,365,7358.7100310567,58212.1429877835,7896.37142188878,3365.43709378199,1648.70905982521,"0",5425.48369713428,5011.69567126603
2022-12-31 11:00:00,3,281.983333333333,710,85,0,3.08666666666667,5.31666666666667,NA,5081.39676249056,2022-12-31 12:00:00,0,11,6,365,12,6,365,7288.50397517261,58333.5377312436,7832.63588294265,3331.45824394128,1627.84342517359,"0",5508.12127254786,5061.74597564969
2022-12-31 12:00:00,4,282.45,740,84,0,3.08666666666667,5.14333333333333,NA,5064.22800452611,2022-12-31 13:00:00,0,12,6,365,13,6,365,7104.4278274218,57321.1507665198,7763.7243915856,3268.13840340188,1576.88289028662,"0",5513.92529545576,5030.42718043065
2022-12-31 13:00:00,5,282.616666666667,650,55.3333333333333,0,2.74333333333333,4.97,NA,5042.42314213215,2022-12-31 14:00:00,0,13,6,365,14,6,365,6918.45851511345,55863.9493799794,7674.525165129,3206.50278481262,1532.2767327917,"0",5498.58776519905,5009.62972078852
2022-12-31 14:00:00,6,282.183333333333,470,89.3333333333333,0,2.57333333333333,4.62666666666667,NA,5166.04851884424,2022-12-31 15:00:00,0,14,6,365,15,6,365,6901.39816461014,55203.9389046376,7626.26497297569,3174.01408955153,1533.50133883364,"0",5613.23763261882,5113.81021927425
2022-12-31 15:00:00,7,281.883333333333,170,87.3333333333333,0,2.57333333333333,4.45666666666667,NA,5352.79605705759,2022-12-31 16:00:00,0,15,6,365,16,6,365,7072.05862977847,56096.9784593213,7648.08270646652,3235.07190435472,1580.53429066353,"0",5785.18426129994,5298.09840864893
2022-12-31 16:00:00,8,281.283333333333,0,84,0,2.57333333333333,4.8,NA,5421.14580697705,2022-12-31 17:00:00,0,16,6,365,17,6,365,7353.29256571768,57801.6819396282,7590.13753427343,3230.93243085632,1630.10415956108,"0",5840.33081076539,5365.61544894817
2022-12-31 17:00:00,9,280.716666666667,0,81.3333333333333,0,2.57333333333333,4.62666666666667,NA,5407.64921251418,2022-12-31 18:00:00,0,17,6,365,18,6,365,7467.82184790333,58543.8591212587,7542.00744101128,3210.59755371269,1658.30001082041,"0",5808.70139430471,5351.97450965781
2022-12-31 18:00:00,10,280.416666666667,0,78,0,2.74666666666667,4.8,NA,5342.58151531893,2022-12-31 19:00:00,0,18,6,365,19,6,365,7226.35542825254,57640.4599026696,7395.15745614658,3165.17662743086,1640.50370631418,"0",5736.31145110452,5283.51386857704
2022-12-31 19:00:00,11,280.183333333333,0,78,0,2.74666666666667,4.8,NA,5208.67819122238,2022-12-31 20:00:00,0,19,6,365,20,6,365,6866.99105274196,55421.6326781357,7194.09912114468,3066.75027834198,1567.75629301488,"0",5571.2528512014,5150.48504261924
2022-12-31 20:00:00,12,280.116666666667,0,78,0,2.74333333333333,4.8,NA,4939.40114143875,2022-12-31 21:00:00,0,20,6,365,21,6,365,6528.58802999516,52893.5750372184,6895.19555751573,2925.77179300644,1466.80639329255,"0",5250.57578979577,4876.24416695246
2022-12-31 21:00:00,13,279.816666666667,0,74.6666666666667,0,2.74333333333333,4.8,NA,4731.92609766856,2022-12-31 22:00:00,0,21,6,365,22,6,365,6352.37435579995,50967.2690219217,6579.87053011202,2774.70630535631,1367.46814931491,"0",4994.4491756272,4680.80430239629
2022-12-31 22:00:00,14,279.583333333333,0,70.6666666666667,0,2.74333333333333,4.97333333333333,NA,4460.3555131447,2022-12-31 23:00:00,0,22,6,365,23,6,365,6090.6333418876,48642.1947110913,6274.34992599867,2631.86800516236,1273.11193973808,"0",4688.72983733542,4410.01514692909
2022-12-31 23:00:00,15,279.416666666667,0,65.6666666666667,0,2.74666666666667,4.63,NA,4460.3555131447,2023-01-01 00:00:00,0,23,6,365,0,7,1,5768.38319344286,45976.5289051167,6011.7126105897,2508.01121342338,1193.10423562764,"0",NA,NA
